id,label,canopy,comment_count,reply_count,mention_count,thread_count,total_likes,avg_likes,first_timestamp,last_timestamp,threads,text_sample
106026740199636992,nn.land,canopy_185,1,0,0,0,3,3.0,1779761437,1779761437,[],"Iya oy, duit cash di dompet cuma puluhan ribu. Tapi identitas lah yg bisa membantu aku kembali ke rumah orang tuaku🥺 awl🐣"
119419377912877056,ur_angelbby,canopy_071,1,0,0,0,11,11.0,1780488658,1780488658,[],jujur sering kepikiran ini jugaa wkwk d
134975594403930112,ellba.anaside,canopy_137,1,0,0,0,1,1.0,1780375199,1780375199,[],"meski ga bawa dompet KTP ku selalu aku bawa. aku selalu mikir, kalau ada apa apa biar yg nolong bisa langsung ngabarin keluargaku😭 Ellba🧚‍♀️"
6509672677845843969,nirwanajune,canopy_022,1,0,0,0,0,0.0,1782212185,1782212185,[],Iya lagi. Ktp ketinggalan aja panik june🫧
6523428105334456322,yourtiramisuuu,canopy_051,1,0,0,0,10,10.0,1779713184,1779713184,[],"Wkwkw selalu mikir gini, makanya kemana2 bawa dompet Misya"
6529308456757985282,anakk.tengahh,canopy_174,1,0,0,0,3,3.0,1779855509,1779855509,[],"iyalagi,knp dah pikiranku sejauh itu😭 I'm Faoo"
6530552777457238017,mhrlnmusaa_,canopy_055,1,0,0,0,4,4.0,1782036544,1782036544,[],kl gw selalu ngabarin tmn random biar kl gw ilang atau knp” dia bisa jd saksi gw lagi dimana😭 elin 🖤
6534977541097570305,4ndyyjie,canopy_105,1,0,0,0,2,2.0,1780210718,1780210718,[],"ayahku pernah bilang ""sekalipun ga bawa dompet, harus tetep bawa ktp dan kartu nama ayah, supaya sewaktu-waktu ada apa-apa ayah bisa tau"" myth-ji"
6539111130748452865,iniyugo,canopy_024,1,0,0,0,42,42.0,1779685702,1779685702,[],ini mah emang normal sih Yugooo
6541639334453215233,anaknyamikasa,canopy_154,1,0,0,0,2,2.0,1781080929,1781080929,[],"sumpah dompetku gaada cashnya, tp masih ku bawa kmn², kata mamaku biar KLO ada apa² bisa jaga² jadi gampang😭. p maksud yg gampang Koro Sensei"
6589861717978136578,nimaskasihkrisetiarti,canopy_038,1,0,0,0,3,3.0,1779694941,1779694941,[],Makany bapakku marah klo aku gabawa dompet ternyata ini alasannya kalo dijalan ada apa2😭 Nimas Kasih
6596423911494434817,mas_all927,canopy_169,1,0,0,0,3,3.0,1779631904,1779631904,[],itu fikiran orang tua gw gw dri dulu ga suka bawa dompet pas bikin KTP di suruh make dompet biar KTP kebawa Mulu pdhl ribet klo bawa dompet Bokirrr Uyee 🕳️🤸
6611842835128795137,andmhdaliakbr,canopy_110,1,0,0,0,3,3.0,1779941091,1779941091,[],"gw baru tau juga,sebelum alm ayah meninggal dia selalu berpesan bawa dompet kemana kamu pergi,semisalnya ada musibah di jalan orang gak repot buat nyari identitas kamu,itu pesen terakhir sebelum dia pergi🥺 abay11🌀"
6616200298652958722,min_insya14,canopy_052,1,0,0,0,2,2.0,1779893816,1779893816,[],pernah mikir gini juga dulu bahkan pernah juga buka semua lock HP biar bisa lgsg hubungi keluarga😁 min14
6688554928719643649,zrrrrrr64,canopy_049,1,0,0,0,9,9.0,1779670059,1779670059,[],"semenjak dewasa gw kemana mana selalu bawa dompet, ya walaupun isinya cuman 10k🗿 ijarr"
6706433608792802305,4apph,canopy_089,1,0,0,0,2,2.0,1780806055,1780806055,[],kontak mama dan bapa harus disematkan biar klo gw kenapa² diperjalanan org² bisa hubungi langsung ke wa ortu gw🥲 ˢᵐᵒˡˡ əififah
6733504201782395905,abizawalwiguna,canopy_009,1,0,0,0,3095,3095.0,1779682731,1779682731,[],"lah gw kira ini normal, gw selalu mikir gini kalo keluar. setidaknya ada yang tau identitas gua misal gua kenapa"" abi"
6744584940111905794,rksrtika_,canopy_018,1,0,0,0,7,7.0,1779845510,1779845510,[],tim yang KTP selalu di taro di jok motor ➷ ikkaa ✮
6749192041500525569,ptrlskxy0,canopy_146,1,0,0,0,1,1.0,1779667287,1779667287,[],"rill, dulu pas awal punya ktp gua ngerasa gaperlu2 bgt buat dibawa. skrg makin dewasa kemana2 jadi mesti bawa ktp biar klo kenapa2 seenggaknya ada identitas jelas😭 2006"
6754421722797048833,adz_.0._,canopy_010,1,0,0,0,14,14.0,1779652926,1779652926,[],"Gua pernah, saat di perjalanan jauh, kunci layar HP gua sengaja di nonaktifkan. 𝘧𝘳𝘪𝘦𝘯𝘥𝘴𝘩𝘪𝘱☄🇨🇳"
6774894159096153089,turi17_,canopy_102,1,0,0,0,0,0.0,1782185349,1782185349,[],dari dulu pengen buat dog tag Turi
6776674034375263234,little.babbyyyy,canopy_194,1,0,0,0,1,1.0,1781058746,1781058746,[],"ini kata ayah gua begini, biar kalo kenapa napa ada yang nganterin pulang ."
6784144101794513921,honey.beee16,canopy_175,1,0,0,0,1,1.0,1779683105,1779683105,[],"gue yg kemana2 selalu terselip catatan kontak darurat (Ortu, Pacar, adek) . tiap keluar rumah kepikirn kalo knpa2 dijalan dan org gabisa buka hp gue bisa hubungin yg di catetan itu🙂 Capt Bee'"
6788503463644070913,tukang.panci3,canopy_151,1,0,0,0,1,1.0,1779791648,1779791648,[],[Sticker] dan hanya dompet tanpa isi apapun Tukang.Panci
6796118400902300673,hothotpopppppp,canopy_173,1,0,0,0,5,5.0,1779716345,1779716345,[],"Bapak gue selalu bilang kalo mau pergi kemanapun harus bawa ktp, takut nya mati dijalan bisa dianterin ke rumah katanya😭 hothotpop🍭"
6796501145089229825,xwaa15,canopy_083,1,0,0,0,0,0.0,1782182028,1782182028,[],ko sama ya tiap kali bepergian slalu mkir gini😔 haw🅰️
6801315654327976962,dndfw,canopy_176,1,0,0,0,0,0.0,1779882579,1779882579,[],wkwk ga pernah bisa pake dompet sundae12
6806265446909510657,vegauchul,canopy_079,1,0,0,0,0,0.0,1780329633,1780329633,[],"usia skrng 33thn tp pikiran gua udh kstu 😭
dlu pas umur 20an gasuka bawa dompet tp skrng ke warung depan jalan pun harus bawa dompet atau ga bawa KTP di belakang case hp 🗿 Maminya Rafanial"
6806491020194350081,hlynddd,canopy_134,1,0,0,0,2,2.0,1779929552,1779929552,[],"Dulu waktu kuliah sems awal umur 16th belum punya ktp dan perjalanan lumayan jauh 1 jam, dan waktu itu sekitar -+ 1 bulan ga pegang hp karena belum punya, jadi di buku tulis di catet nomor hp ortu biar kalo kenapa napa orang bisa hubungin ortu di nomer itu. hilyatunnida"
6826232852025263106,gimmemoreburgersplease,canopy_072,1,0,0,0,0,0.0,1782197495,1782197495,[],mlh keluar tnpa dompet dan hp😞 cherry
6832172451021308929,mutia_putri43,canopy_183,1,0,0,0,1,1.0,1779708074,1779708074,[],"Aku bulan maret celaka dan sebelum berangkat sempet mikir gini, bawa dompet ah biar ada apa-apa gampang. Dan ternyata emang udah firasat harusnya gak usah pergi, 😅 Mrs chiw"
6832456761011995649,tumbler_ungu_,canopy_068,1,0,0,0,2,2.0,1779687905,1779687905,[],kalo mau berangkat kerja selalu pasang name tag trs pake jaket tapi ngga diresleting + HP selalu ngga di sandi atau pin biar gampang hubungin orang kerja sama orang rumah fullsun🌻
6836139867615151105,asliganteng_,canopy_019,1,0,0,0,23,23.0,1779895564,1779895564,[],"tiap mau keluar sllu usahain pake daleman yg bagus, biar nanti kalo ada apa2 dijalan, udahlah gamau di lanjutin tp amit2 ya😭😭😭🫰🏻🫰🏻 manimaynotknow"
6837516209820517378,hablumina.love,canopy_123,1,0,0,0,1,1.0,1782130553,1782130553,[],"mama : kalau kemana mana bawa dompet biar bisa beli jajan
.
ayah : kalau kemana mana bawa KTP, biar kalau ada apa apa tau lokasi rumah manusia seperempat abad"
6840729921989297153,anggunpinkypie,canopy_158,1,0,0,0,2,2.0,1780907640,1780907640,[],kalo aku ga lock hp biar org org bs hubungi keluargaku😭 ⋆ swiftiesanggun 𐙚
6843726665424585734,ikzyrouwu,canopy_075,1,0,0,0,0,0.0,1782187461,1782187461,[],tinggal bawa kartu nama😹 iKzyro pratama
6844898370776122370,user927537292,canopy_048,1,0,0,0,2,2.0,1779664538,1779664538,[],"gua ga perna bawa dompet jir,kadang ktp aja gua gatau ada dmn😭 user92753729"
6845216238998684674,boy.naufall,canopy_037,1,0,0,0,4,4.0,1781166541,1781166541,[],kirain gue doang yg mikir gini anjir ig:naufal.rzky_
6848106255912207361,kekasihatake,canopy_036,1,0,0,0,14,14.0,1780739181,1780739181,[],gua selalu di suruh emak gua bawa ktp dgn alasan begini😭 eyrn
6849158272508838913,ydpramushinta,canopy_035,1,0,0,0,2,2.0,1780995366,1780995366,[],klo aku hp gamau aku kunci takut klo knp2 gbisa buka buat hubgi YD.Pramushinta
6851242490378437633,abcyaaan,canopy_116,1,0,0,0,4,4.0,1780328220,1780328220,[],"jujur gua juga gini, padahal di dompet isi nya cuma ktp doang. kalo uang gua gapernah megang cash Ayyn"
6851799698815845377,echaaaaa36,canopy_007,1,0,0,0,1396,1396.0,1780657937,1780657937,[],gua yang gapernah kepikiran kalo bakal kecelakaan pas diperjalanan😭 bubbletimecaa
6853326473168716802,mnkyhann,canopy_011,1,0,0,0,116,116.0,1780893592,1780893592,[],[Sticker] isi dompetnya: SUPERHANN
6856714213596726273,_gtpspandawa,canopy_025,1,0,0,0,39,39.0,1779606724,1779606724,[],itu pasti pesan bapak ke kita kan bang 🥺 Yuバユサデウォ
6858020241664181249,tsunade_114,canopy_030,1,0,0,0,1,1.0,1782057628,1782057628,[],"aku yg keluar GK bawa dompet karena GK pernah jajan malu dan GK bawa KTP juga
merantau di Palembang KTP nya di rumah Lampung 😂 aku selalu berfikir jika aku sudah melangkah semua akan baik baik saja Tsunade-17"
6859585767275381762,hueningkayi,canopy_020,1,0,0,0,30,30.0,1779858685,1779858685,[],"eh tp aku beneran gini deh wkwkwkwkk, tkut kenapa2 trus gada yg bs dihubungi biloo"
6869604967994541057,mvnanrlya,canopy_008,1,0,0,0,287,287.0,1779766788,1779766788,[],"bahkan di emergency phone
dari nama lengkap ayah ibu,gol darah,tb,bb,alergi,kontak² yang bisa di hubungin sudah aku persiapkan. 𝓜𝓮𝓲𝓶𝓮𝓲."
6869941060425237506,jwcent,canopy_099,1,0,0,0,2,2.0,1780373722,1780373722,[],"Mana iya lagi, dulu paling malas bawa dompet, tapi sekarang jadi rajin bawa karena itu,, we never know JWC ENTERTAIMENT✨"
6872243314772345857,devischespace,canopy_058,1,0,0,0,6,6.0,1780359888,1780359888,[],"iyalagi, pokonya yg wajib ada di dalem dompet itu ktp, kartu bpjs, dan bbrp catatan pin hp. bahkan di hp semua data gol darah, alergi, dan rekam medis lainnya udah dicatat dgn lengkap beserta nomor daruratnya plus di google maps udah ku buat titik rumahku biar kalau ada apa-apa b"
6874733816599708673,mas_anjay123,canopy_026,1,0,0,0,0,0.0,1781161113,1781161113,[],plot wist bawa domper karena ke koperasi merah putih . awokwokwok anjay mabar
6876731745220920321,neni.insap,canopy_073,1,0,0,0,3,3.0,1780358933,1780358933,[],"iya lagi 😭... : uang secukupnya buat bensin/ jajan. ATM nggak perlu dibawa. paling penting KTP biar kalo ada apa"" di jalan ada yang tau alamatku biar dianter 🥺 neni.insap||44/160"
6879408727230465026,nafisatul_25,canopy_148,1,0,0,0,3,3.0,1779794969,1779794969,[],"yg selalu Q terapkan,
sambil selalu berdoa agar selamat d perjalanan & d manapun berada 🤲 Juli25"
6881613830130418689,gemini_160602,canopy_045,1,0,0,0,1,1.0,1779752978,1779752978,[],"mamah guee selalu ngingetin bawa KTP ,tapi KTP aslinya gue kaga pernah bawa gue fotocoygue taro casing hp ,bahkan gue taro di tas gue makannya di tas pasti ada aja fotocopy KTP ya krna buat jaga jaga . heheh kata mamah musibah kaga ada yang tau tata16"
6882458879956780033,power_scoop1995,canopy_090,1,0,0,0,4,4.0,1781147069,1781147069,[],"aku selalu yg kedua, takut klo meninggal ga ada yg kenal wkwk ───  Lihat 9.584 balasan ﹀"
6884391295285806086,wolf_taylor2,canopy_159,1,0,0,0,6,6.0,1779676645,1779676645,[],asli gw juga mikir gini lagi😭😭 Wolf Taylor
6885133273098388482,yaudahdehhhhhhhh,canopy_076,1,0,0,0,9,9.0,1780812432,1780812432,[],"tapi aku juga mikir gini, kemanapun harus bawa identitas diri🥹 yaudahdeh"
6891957094863389697,__zzzt_,canopy_088,1,0,0,0,3,3.0,1780676021,1780676021,[],sumpah kadang mikir gini kalo mau pergi keluar S
6907064109915046914,pamela.dh24,canopy_067,1,0,0,0,3,3.0,1782000122,1782000122,[],"Aku juga gini, selalu bawa identitas pengenal karena what if worst case happen to me jadi ga repot Pamela istri Kongming"
6916793805480805377,lavienrowze,canopy_162,1,0,0,0,4,4.0,1779924031,1779924031,[],"iya lagi, aku ga pernah lupa bawa kartu identitas… Princess Di"
6918855608540644354,wahyudi_kun,canopy_001,1,0,0,0,22564,22564.0,1779608505,1779608505,[],lah kirain pemikiran gw doang yg kaya gini YUUD
6919245969214080001,vikoadity4,canopy_005,1,0,0,0,1864,1864.0,1779645513,1779645513,[],klo pergi jauh jgn lupa clear browser v?
6922636080495952898,theeisaa,canopy_118,1,0,0,0,5,5.0,1780673459,1780673459,[],jujur gue sering banget m-mikir begini 😞👉👈 theeisa
6922656772109452290,foreverhatingyouu,canopy_015,1,0,0,0,89,89.0,1779694666,1779694666,[],mana foto KTP gw jelek bgt lagiii 😭 lisa
6925056214594274306,xyz123.com2,canopy_124,1,0,0,0,2,2.0,1779721032,1779721032,[],"tpi gue gk mau diviralin, foto ktp gue jelek😭😭😭 semoga kita semua selalu dilindungi Allah di manapun kita berada🤲 x.yyy"
6932353646320108546,diah_harahap8,canopy_000,1,0,0,0,14385,14385.0,1780387816,1780387816,[],Maap ya kalo kesannya aneh. Tapi aku kalo kluar wajib pake daleman bagus takut tbtb kecelakaan pasti kebuka kan atau diperiksa malu kalo pake yg jelek😭 Caprigurlz00_
6934842504743879681,au.rexx2,canopy_039,1,0,0,0,1,1.0,1780539561,1780539561,[],aku yg pp kerja 1jam perjalanan selama 3th ga pernah bawa ktp atau identitas apapun😭😭😭😭 Auree
6935026650749322242,hidayattaufik6699,canopy_191,1,0,0,0,1,1.0,1779793181,1779793181,[],[Sticker] bapak gw dlu kalo gw ngerantau dia cuman nitipin jangan lupa shalat dan kemana2 di dalam dompet harus ada ktp M.T.H 💎
6936501950632805377,leasayang,canopy_053,1,0,0,0,1,1.0,1780787898,1780787898,[],"ktp selalu ada di case hp gue, tpi klo knpa2 mau menghubungi seseorang gue bingung soalnya hp di password😭😭 resty"
6939349569991050242,archenn_00,canopy_106,1,0,0,0,1,1.0,1781059742,1781059742,[],"sama lagi, kalo lagi ngga bawa dompet gue pastiin HP gue aman biar kalo ada apa-apa pada bisa pake nomor darurat di HP gue😭 Arch"
6941389168077702146,rddss991,canopy_081,1,0,0,0,1,1.0,1779862314,1779862314,[],tapi aku kemana mana ga bawa KTP bg kapallawt
6947166484004373506,ucimilo,canopy_128,1,0,0,0,10,10.0,1779620647,1779620647,[],walaupun sy gak pernah pergi jau...aturan ini selalu saya pakai NIKA
6949516198539346945,fadliah_04,canopy_017,1,0,0,0,256,256.0,1779719554,1779719554,[],"aku juga udah di fase ini🥺
bawa dompet agar ada ktp kalo ada apa' di jalan🥺 ف"
6950174197022065669,yeydf_,canopy_150,1,0,0,0,2,2.0,1779828522,1779828522,[],[Sticker] bawa dompet deh barangkali mau beli sesuatu. ternyata ga ada uang cash yyy
6958268752132178946,fbymcdt,canopy_095,1,0,0,0,1,1.0,1780865229,1780865229,[],Aduh kok bisa sama ya apalagi aku kemana traveling sendiri 😭 Febymoonicaaa_
6958281584488236033,auraikhwan6,canopy_152,1,0,0,0,3,3.0,1780716272,1780716272,[],"kalok keluar jauh, slalu bawa KTP. kepikiran kayak gini sih Jut"
6959162637768377349,kuuucing26,canopy_119,1,0,0,0,2,2.0,1781335656,1781335656,[],"kata bapak gua ini mah,,, anjirlah Romanov"
6959317815221093378,mang_kentung_153,canopy_062,1,0,0,0,6,6.0,1779716418,1779716418,[],"ktp:wajib
duit:opsional Gunther"
6960359847695074309,koroudaijobu,canopy_103,1,0,0,0,0,0.0,1782097278,1782097278,[],gw mikir gini jir OshiChibi
6961428341711406081,silkyydelima,canopy_112,1,0,0,0,5,5.0,1780678313,1780678313,[],iya jir takut dijalan kecelakaan jg 😭 abcd
6962343424021726209,bananala__,canopy_182,1,0,0,0,2,2.0,1779713841,1779713841,[],"bapaku bilang ""kalo kemana² bawa ktp, biar kalo knp² bisa pulang""😭 bananala_"
6964714945469662210,raantiaa,canopy_145,1,0,0,0,1,1.0,1780014126,1780014126,[],abang sm emak gw prnh bilang gini saking liarnya gw😭 Istri Aamon
6964738659434152962,mitshuneeee,canopy_168,1,0,0,0,1,1.0,1781409849,1781409849,[],mode on aktif🗿 Mitshune
6966148415672173569,undudailylife,canopy_046,1,0,0,0,2,2.0,1780298699,1780298699,[],"Kalau gua gak pernah lock screen handphone, takut celaka di jalan susah buat ngontak orang terdekat, minusnya ya kalau hp ilang kebuka semua, tapi ya usahain jangan hilang. undudailylife"
6966276498689721345,dhiafakhri.27,canopy_192,1,0,0,0,1,1.0,1779895055,1779895055,[],"iya lagi, apa ini tanda dewasa?😭 mozaaa🦁"
6967196401395139585,calistnasia,canopy_115,1,0,0,0,2,2.0,1779684774,1779684774,[],beneran sekarang tiap keluar bawa dompet meskipun ngga ada duit😭 cal
6967659350089810946,marsengaisputraa,canopy_113,1,0,0,0,9,9.0,1779598854,1779598854,[],kalo gw mikir kalo lgi ketilang atau ada masalah Marsen Gais Putra
6968718267481490433,akabanepebi,canopy_122,1,0,0,0,0,0.0,1782192192,1782192192,[],wkkw iyalagi pebi
6970866552057267202,kalistrii,canopy_023,1,0,0,0,186,186.0,1779678613,1779678613,[],lah pikiran ku kebongkar kallreyy
6971392711799964673,dhira_ann,canopy_094,1,0,0,0,2,2.0,1780796997,1780796997,[],alasan aku ga bawa dompet kalo keluar. biar selamat dhira
6983637584456647681,feybiza,canopy_096,1,0,0,0,1,1.0,1779714252,1779714252,[],"karna rumah gw dekat pantai,kalau gelombang lagi tinggi selalu mikir taruh permen ah dikantong siapa tau pas sunami bisa makan permen di pengungsiann biar ga bosen😭😭 putri"
6985727260917662725,nothingggrrrr,canopy_167,1,0,0,0,3,3.0,1780672089,1780672089,[],"Nanti aja yah, ganti foto ktp dulu😭 Tar"
6986850469483676673,andofbeginning,canopy_070,1,0,0,0,1,1.0,1780779595,1780779595,[],"jujur pernah kepikiran kaya gini, dah itu 2 hari yg lalu, tiba tiba pengen bawa dompet biar ada identitas diri di ktp. padahal sebelumnya aku tipe yg malaaaasss banget bawa dompet kalo pergi titin🧚‍♀️"
6987280497861067778,oknisie,canopy_031,1,0,0,0,10,10.0,1779940605,1779940605,[],bahkan aku nyimpen nomor keluargaku di dompet nisie
6995145012439450625,muzki.28,canopy_177,1,0,0,0,1,1.0,1781399962,1781399962,[],gua selalu mikir gini All the pieces of me
7000352128338478081,niiiiy0,canopy_041,1,0,0,0,6,6.0,1779661754,1779661754,[],"iya lagii, hp pun smpe ga pake pw😔 niiiy"
7000964924840608769,d.kikir,canopy_021,1,0,0,0,0,0.0,1781173740,1781173740,[],"tidak punya dompet, soalnya ga tau mau di isi apa yahoo!!"
7002112944796779546,ruangrasa.dy,canopy_054,1,0,0,0,8,8.0,1780299691,1780299691,[],aku juga mikir gini setiap mau pergi😭 Ruangrasa🍜
7003367467040949249,saiunaziz,canopy_063,1,0,0,0,23,23.0,1779611262,1779611262,[],ternyata banyak yang satu pikiran😂 sae hoon
7005622091391714330,medkit97,canopy_131,1,0,0,0,5,5.0,1780575232,1780575232,[],"ah iya lagi, kok bisa ya kita kepikiran gitu? medkit97"
7012854598687966235,wongeturu797,canopy_028,1,0,0,0,42,42.0,1779628515,1779628515,[],[Sticker] isinya omsholeh.zone⁷⁹
7016976235000710170,cihsibal,canopy_147,1,0,0,0,4,4.0,1779797478,1779797478,[],janlup jadiin salah satu kontak keluarga sebagai kontak darurat ya guys😊 ariety
7020605956485940251,maddensuns,canopy_082,1,0,0,0,0,0.0,1782100832,1782100832,[],emak gw pernah bilang gitu cokk wkwk Bleeker
7022223240064025601,chocopiuuw,canopy_186,1,0,0,0,5,5.0,1779787950,1779787950,[],[Sticker] aku mikir begini karna jauh dr ortu piuu☆
7035968949859959835,desy_ds,canopy_198,1,0,0,0,2,2.0,1779721273,1779721273,[],"dulu masih gadis, merantau kost sendiri gini. sampe FC KTP aku tarok di case Hp😭 Daisy🐼"
7052273815992304641,c1nnamore,canopy_165,1,0,0,0,2,2.0,1779666777,1779666777,[],YUYURR AK YG KEDUA😭😭 Tralala Trilily
7054007488706429979,marchxell_07,canopy_166,1,0,0,0,4,4.0,1781108773,1781108773,[],kirain gw doang yg punya pikiran gini マルセル
7056589938901664769,_nicname_kontol,canopy_003,1,0,0,0,42446,42446.0,1779605577,1779605577,[],[Sticker] ktp ketinggalan 𖣂
7058797886825792518,cacacipzzz,canopy_027,1,0,0,0,9,9.0,1780668906,1780668906,[],"aku punya lanyard dan selalu aku pake kemana mana, disitu ada kartu flazz yang udah aku stikerin custom yang gambarnya ada nomor orang tua, adik, pacar dan temen aku. karna takut hp aku ancur waktu aku ada musibah cacacips"
7060374955943003137,leenhamamalin,canopy_086,1,0,0,0,3,3.0,1780574037,1780574037,[],"udah dari lama aku mikir gini, sekarang selalu bawa KTP walau cuma antar jemput anak sekolah, sampe di hp nomor suami aku namain bener² SUAMI, biar kalo aku kenapa² orang gampang nyari yg bisa di hubungin😂 Lina han"
7060924497801593882,bstrdkenzo,canopy_040,1,0,0,0,4,4.0,1779665394,1779665394,[],Selalu kepikiran gini jir kalo pergi keluar🗿(foto hanya pemanis) ᛉDillzz𖣂ׁ
7063506594294924289,stupdyou0,canopy_120,1,0,0,0,2,2.0,1779848418,1779848418,[],"saya paling suka orang Indonesia, karena memiliki konten yang asik dan menggugah selera. saya mengetik ini memakai translate, saya berasal dari kediri Yᵤᵤ."
7064593869828932614,iniarayaa4,canopy_161,1,0,0,0,4,4.0,1779783823,1779783823,[],"tp bener, biar klo ada apa"" ga sulit nyarinya araa"
70729628102,nanasmaduu_4,canopy_164,1,0,0,0,2,2.0,1779703256,1779703256,[],"iya lgi , aku jg gt😭 Toko bersama mandiri"
7075674626739536898,yihaa413,canopy_187,1,0,0,0,1,1.0,1781477272,1781477272,[],"Ya kan,aku takutnya masuk fb😭 Aku"
7084186676168508442,feyrnarata,canopy_109,1,0,0,0,6,6.0,1780672957,1780672957,[],lah selama ini alasan gua bawa dompet yaa inii Tata💜
7089701400901600283,myhostmanz,canopy_140,1,0,0,0,1,1.0,1779672949,1779672949,[],iya juga bapak gw bilang gitu🗿 𝚖𝚊𝚗𝚣ᰔᩚ × ra֟araʚɞ
7096068961858765826,rieweasly._,canopy_098,1,0,0,0,3,3.0,1779762712,1779762712,[],"gw pernah pergi bawa dompet tp ga ada uang, uang gw di dana semua, yg didompet cuma KTP, BPJS sama kartu asuransi kesehatan waktu PKL yg udh kadaluarsa 😭 tai ayam goreng"
7096479885301138458,justdansler,canopy_006,1,0,0,0,569,569.0,1779625503,1779625503,[],[Sticker] bro kalian punya dompet? JustD
7096897188358456322,novitazahr4_,canopy_170,1,0,0,0,5,5.0,1780630068,1780630068,[],"[Sticker] bener ih, pikiran waktu keluar gt mulu z"
7100750102336177154,dwijayanti567,canopy_138,1,0,0,0,11,11.0,1781056689,1781056689,[],"sepemikiran lagi😂
terlalu ovt😭 Dwi Jayanti897"
7102360937428108314,sideeyepop,canopy_135,1,0,0,0,5,5.0,1780707473,1780707473,[],iya anjir skrg mikirnya gt.. ich jo
7104942140773450754,viviliayunita,canopy_171,1,0,0,0,1,1.0,1780663046,1780663046,[],kok kita sama bjirr Yunita Vivilia
7108182400240223233,nasigoreng618,canopy_178,1,0,0,0,1,1.0,1779697356,1779697356,[],"""bawa dompet misal kecelakaan biar ada tanda pengenal"" eh tp pas kecelakaan beneran pas lagi g bawa dompet😭. yang nolongin sempet kebingungan. caca"
7113527717450810370,accptrnd,canopy_142,1,0,0,0,1,1.0,1779690602,1779690602,[],gue juga selalu berfikiran kaya gini ptrllstr
7120541706823533594,tsukuyomi0_4,canopy_195,1,0,0,0,1,1.0,1780955297,1780955297,[],ternyata GW gak sendiri😹 Bocil konoha
7121523637161001985,brkengirls,canopy_129,1,0,0,0,1,1.0,1780213635,1780213635,[],"Ini pesanku ke suamiku yang suka ninggalin dompet kalau pergi jauh🥹,aku takut banget terjadi sesuatu dengannya,tapi aku terlambat mengetahuinya. Cipa31"
7124524290486535170,fais.nurokhim,canopy_060,1,0,0,0,1,1.0,1782175291,1782175291,[],[Sticker] bawa ini juga bang jangan lupa addamkuy
7132780297389507585,chrl._09,canopy_104,1,0,0,0,2,2.0,1781792588,1781792588,[],ini yg gua terapkan klau pergi jauh chrlabid
7135008576062456859,kndyor,canopy_149,1,0,0,0,1,1.0,1780761941,1780761941,[],KTP nya di pake buat dp🥰 k¡ndyor
7135220356252517402,englishwithumarr,canopy_059,1,0,0,0,6,6.0,1779691134,1779691134,[],"lah, kirain cmn gw mikir gitu🗿 English with Umar"
7135414649268880411,cooking.mamabill,canopy_097,1,0,0,0,2,2.0,1780827920,1780827920,[],"Bawa dompet meski ga ada isinya, karena ada idcard dll in case terjadi hal hal yg tidak diinginkan, setidaknya orang2 bs tau identitas ku😁🙏🏻 (udah dari lama bgt terapin ini) wkw cooking.mamabill"
7143935053655131163,zeyyy_63,canopy_107,1,0,0,0,2,2.0,1780803744,1780803744,[],kalo namain kontak keluarga harus beneran nama lengkap mereka soalnya gw gatau kemungkinan terburuk bkl kejadian atau mungkin buru buru dan harus hubungin mereka biar ga bingung pas nyari kontaknya palm don't leave me i'm scared
7150266661496472582,ilmii63,canopy_139,1,0,0,0,1,1.0,1781142431,1781142431,[],"sebelum berangkat baca doa keluar rumah dan doa tolak firasat buruk... insyaallah tenang, klaupun tiba2 takdirnya buruk, setidaknya kita SDH tawakal dan berserah diri... dan semuanya pun akan dipermudah irumii daisy"
7165117173925708826,tasti_09,canopy_144,1,0,0,0,4,4.0,1780291818,1780291818,[],"aku juga mikir gini, takut2 kalo tiba2 terjadi sesuatu dijalan orang2 bisa lebih mudah mengenaliku dan bisa cepat ngasih tau keluargaku Tika🍃"
7186497865421161499,sndyxz18,canopy_126,1,0,0,0,1,1.0,1779805821,1779805821,[],"intinya KTP + BPJS, jadi kalo ada apa apa di jalan, waktu di bawa ke RS tinggal di rawat Sndyxzも"
7198497671228834818,rtrarwp,canopy_066,1,0,0,0,1,1.0,1782190184,1782190184,[],"[Sticker] Yang keinget spaylater belum lunas & ditagih ke keluarga lo Rtra,,"
7202086685571138562,johnwick69966,canopy_190,1,0,0,0,2,2.0,1779683051,1779683051,[],"iya jir tiap mau keluar rumah mikir gini,biar gampang klo ngapa2 dijalan john69"
7205917572523803649,gemigemigirl,canopy_196,1,0,0,0,2,2.0,1779724419,1779724419,[],"sama bawa hp, karna kita ga pernah tau hari buruk itu kapan, jadi setidaknya kita punya seseorang buat di mintai tolong atau hal"" lain setidaknya prepare aja. cuma suka heran sama temen yg keluar kadang ga bawa hp, jadinya tiap aku ada perlu susah bgt di hubungi🙂 marrr🌷💗"
7206554298104415258,adzka_zan,canopy_061,1,0,0,0,2,2.0,1780671986,1780671986,[],"yang kebawa malah kartu time zone
""pov yang nemuin"" chesnut_brooo"
7219631248322511874,girl98_,canopy_034,1,0,0,0,2,2.0,1779810028,1779810028,[],haha sama bjir malahan gw kepikiran nulis nomor telpon yg bisa dihubungi soalnya kan KTP sm hp doang gabisa buat ngehubungin orang😭🤣 ᥅ꪖꪻﺃꫝ
7222475408116515866,black_gold_80,canopy_004,1,0,0,0,8811,8811.0,1779613302,1779613302,[],pas meninggal keinget ada duit 200ribu di dompet 🥀 VALL suka nut
7231559211711382529,anata99_,canopy_160,1,0,0,0,3,3.0,1779841718,1779841718,[],hahahha iya lagi anata
7238631407236580358,istri_leviackreman_25,canopy_155,1,0,0,0,0,0.0,1780444292,1780444292,[],lah aku ngomong nya sambil tertawa ini kok rada seram yah AzrinvLexxa
7240814661875057669,seeko_ai,canopy_121,1,0,0,0,1,1.0,1779676433,1779676433,[],kalian kemana mana itu kemana saya aja keluar rumah males nisaa_imup🌸🤫
7257089825308165126,mahiru.kawa,canopy_077,1,0,0,0,0,0.0,1782175704,1782175704,[],"gw ketika bawa motor, selalu nyiapin kartu pelajar seorang npc"
7267057918439506950,markisseu_,canopy_057,1,0,0,0,1,1.0,1780655175,1780655175,[],"SAMA BGT!!! dari smp udah sadar, selalu bawa kartu identitas apapun kalo pergi, minimal bawa hp deh (dan di lockscreen ada nama) biar kalo amit amit ada kejadian yang ga di inginkan, mudah teridentifikasi. sampe gue juga nyuruh nyokap buat kemana mana bawa hp/ minimal kartu, gue "
7270110578827150342,hazidi_21,canopy_093,1,0,0,0,3,3.0,1780766614,1780766614,[],"[Sticker] dompetnya kuisi nomer semua temen beda daerah. biar seumpama satu gk bisa, bisa hubungi yg lain HAZIDI_21"
7278224508979872786,kfp_noona,canopy_184,1,0,0,0,2,2.0,1779857053,1779857053,[],pantesan aku sering dimarahin temen soalny gk prnh bawa ktp tiap kmn2😅 MaruChan🐻
7283325250002830342,ceri4.s3lah,canopy_197,1,0,0,0,1,1.0,1780974341,1780974341,[],KTP gue udah 2 kali hilang😭 sampe skrg dah males ngurus Ceria se lah
7305828667954021382,rilazmm,canopy_016,1,0,0,0,187,187.0,1779632162,1779632162,[],anj anj pikiran gw tiap kali mau berangkat kuliah WangLin王林
7309331808796460037,_swetly17,canopy_074,1,0,0,0,3,3.0,1780654790,1780654790,[],mamaku si klo aku kmna mana pasti suruh bawa KTP kdng males bngt sumpah baru ngerti tu belom lama ini biar klo ada apa apa dijalan bisa teridentifikasi😭😭 agustin
7316163220909196294,kecapasinataumanis,canopy_127,1,0,0,0,2,2.0,1780154651,1780154651,[],klo aku malahan bawa BPJS karna BPJS jdi klo aku kecelakaan sengganya dapat mengurai pembiayaan saat keluar nya nnti huehuehuehue. trs juga bisa ke identifikasi Krn BPJS pengaktifan nya menggunakan KK kecap?
7319387104206259206,dpr.soon,canopy_080,1,0,0,0,3,3.0,1780557789,1780557789,[],"aslii, takut bgt klok gabawa KTP tuh😭 umay"
7319919338914857990,nnannas_s,canopy_085,1,0,0,0,6,6.0,1780678617,1780678617,[],loh itu ga wajar kah? nanaaja
7321759691690951685,ceeentt_,canopy_153,1,0,0,0,8,8.0,1781133140,1781133140,[],jujur valid anotherwhisky
7325664758940943366,wiwilalalalalalalaaaa,canopy_179,1,0,0,0,1,1.0,1779730197,1779730197,[],gue ada gangguan anxiety disorder dann gw selalu berfikiran kekgini😌 wanita sederhanaaa
7328024330810950662,urf03_,canopy_189,1,0,0,0,2,2.0,1779773062,1779773062,[],gue tuh mls banget bawa dompet enak cemplang cemplung gitu kembalian aja langsung masukin tas ga diitung lagi kalo bawa dompet juga dompetnya kosong isinya diluar semua 😭 urfavperson.
7344283645127885830,rafael_winata3,canopy_193,1,0,0,0,0,0.0,1781050188,1781050188,[],ku kira bakalan beli cilok di pasar pas muncak tadi 💀 Rafael
7358103277785891846,second_carloo,canopy_084,1,0,0,0,1,1.0,1779770331,1779770331,[],lah kalian bawa dompet buat simpen uang? ⛦
7361451922681119749,mesa.present10,canopy_091,1,0,0,0,2,2.0,1779807843,1779807843,[],"ternyata banyak yang mikir gni, dan normal nya harusnya gni, tpi gue gak pernah mikir gni, gak pernah mikir bakal kenapa kenapa, ntah deh, gue sepercaya itu sama tuhan hehe Mesa Present10"
7372140179509216261,azkiadjoy4,canopy_092,1,0,0,0,1,1.0,1780883146,1780883146,[],"gua sebenarnya takut pas kecelakaan bawa hp, soalnya takut pas jatuh hp nya di ambil orang😭😭😭😭 aski"
7377168369478452229,bita.comel,canopy_143,1,0,0,0,1,1.0,1779654536,1779654536,[],Aku selalu gitu. Sekalinya males bawa setidaknya ktp selalu ada 💗ᗷᗩᖇᗷIᗴ💗
7379787571319522310,rena_the,canopy_044,1,0,0,0,4,4.0,1780293638,1780293638,[],dulu privat bngt sama hp skrng hp gak gw pasang pw biar klo ada apa apa ornag² bisa ngehubungi keluarga anantaa naa
7384728630012806150,mamazio29,canopy_078,1,0,0,0,5,5.0,1780485007,1780485007,[],loh kirain aku doang yg suka mikir gini😭klo lupa ga bawa ktp rasa ngga tenang😂 mamazio
7398639237263229958,arsagarazoey,canopy_065,1,0,0,0,3,3.0,1781238896,1781238896,[],pas sekarat malah kepikiran duit seribu di dompet 𝐍𝐨𝐢𝐫𝐞
7400503260173730822,nanna_meyrline_we,canopy_132,1,0,0,0,8,8.0,1779938903,1779938903,[],ku kira aku sendiri yg aneh dari kecil semua serba waspada ternyata byk juga yg sama😭 dompet aja ada no hp Nanna_meyrline_wedhaswari
7423293361527014405,annnn_575,canopy_130,1,0,0,0,3,3.0,1780324579,1780324579,[],gua kira cuma gua doang yg mikir kaya gini ann
7444920523094967314,randilidau,canopy_188,1,0,0,0,1,1.0,1779746090,1779746090,[],Gue dulu sampai pernah catat di papernote kontak darurat kalau terjadi apa apa Muhammad Randi
7445331089281270789,vandxfloryn,canopy_136,1,0,0,0,2,2.0,1779676580,1779676580,[],"dulu pas kecil ga mudeng knp emak gw kl mau pergi2 sllu bawa KTP. pokoknya sllu sibuk ""mana ktp, jgn lupa ktp, blablabla... ""
ternyata itu ya😭 VAND × Fl❀ryn"
7448255517355164673,ryu.zin__,canopy_047,1,0,0,0,0,0.0,1779647614,1779647614,[],bro gua ingin kerja ngerantau ingin bantu finansial keluarga tapi ibu gua bilang jangan pergi gk ad yg temenin dia yg dimana adek gua msih sd tapi gua ingin berguna tapi kalo ibu bilang gitu gua gk bisa tngpin ad solusi kh Rui
7455281387647304705,_libra0000,canopy_108,1,0,0,0,1,1.0,1779705123,1779705123,[],semenjak udh bisa kemana mana sendiri selalu mikir kek gini. dompet kadang gada isinya tetep gue bawa soalnya yg penting adalah ktp dan kartu bpjs😭 juv€n
7476774838238430216,odonap,canopy_012,1,0,0,0,2,2.0,1782187629,1782187629,[],mana gw berpikir harus bawa bpjs lagi biar nanti gak perlu ambil kerumah lagi wkwk😂 Odonnn
7484436088774624274,helloowweverall,canopy_043,1,0,0,0,0,0.0,1782193655,1782193655,[],tpi pikiran aku selalu begini si mau itu deket sekalipun 𐙚tearapy.🎀໑✬
7486331907643393040,sari.sari480,canopy_114,1,0,0,0,1,1.0,1780829391,1780829391,[],itu akuu Sari Sari
7493882569899394065,justicid4,canopy_013,1,0,0,0,1,1.0,1782117270,1782117270,[],"me yg kuliah di kota org ktp gd, dompet gd, ATM gada,,f🗿 CAELUM"
7495411659411948599,santoryuuuonigiri,canopy_156,1,0,0,0,6,6.0,1779719455,1779719455,[],ternyata banyak yang mikir gini juga 😭 moma
7496951292298249223,neozevnyle_,canopy_087,1,0,0,0,2,2.0,1780708771,1780708771,[],tandanya gaada uangnya itu tapi tetep bawa dompet😭 NyLeeZeva.
7501201778134893584,cypapun,canopy_125,1,0,0,0,2,2.0,1779793888,1779793888,[],"[Sticker] gw ga pernah bawa ktp😭, dan ngga tau ktp dimana cypapun"
7501664443560084488,iniiii_mimi17,canopy_133,1,0,0,0,3,3.0,1779697876,1779697876,[],ihhh mlahan aku punya pemikiran klo misal mau main keluar..setting walpaper kunci pke kode hp dan tulis note buat ngabarin orng yg perlu tau keadaanku..biar klo ada apa2 mereka bisa buka dan ngasih tau..tpi belum terealisasikan..krna jrng main keluar hehehe imiiiicnh
7505361348164092936,ghan_665,canopy_032,1,0,0,0,0,0.0,1781079634,1781079634,[],satu pemikiran tapi gw belom punya KTP😹😹😹 ghan
7512754059523769352,fan04102,canopy_002,1,0,0,0,8,8.0,1782197825,1782197825,[],"lupa bawa dompet,akhirnya org"" menggunakan cara ""tiktok show your magic"" Li Da (李達)"
7516118321939727361,hy.lin06,canopy_117,1,0,0,0,1,1.0,1779860290,1779860290,[],"ihh bener tauu, dulu aku pernah kecelakaan dan emang gapernah bawa dompet kalau keluar, alhasil aku di rs cuma bengong doang nunggu orang rumah karna orang yang nolongin gatau identitasku😭
alhasil sejak saat itu kemana mana selalu bawa dompet meskipun isinya cuma ktp sama stnk do"
7520091064683021319,scorpioooo_11_,canopy_050,1,0,0,0,24,24.0,1779795288,1779795288,[],"kak 😭 ih
ternyata ga cuma saya yg kepikiran begini 🥷🏻١١"
7545554271439078416,aestheticvaa1,canopy_157,1,0,0,0,1,1.0,1779685809,1779685809,[],dlu waktu umur 17 tahun sebelum merantau emak kasih tau aku harus ada KTP dan bahkan BPJS dan aku bingung dong dan emak hanya berpesan selalulah bawa 2 benda ini walaupun dompetmu tidak ada isi duitnya karna 2 benda tersebut lebih berharga...pas ketika udh merantau barulah sadar 
7565406894694269953,waterlinesky,canopy_101,1,0,0,0,7,7.0,1780670097,1780670097,[],sumpah gw ampe bikin note no telp yg bisa dihubungi di dlm dompet 😭 wina
7566639233809695765,saha_teh_keh3d,canopy_100,1,0,0,0,4,4.0,1779637403,1779637403,[],"[Sticker] gw yg bawa KTP pake kresek, males beli dompet jirr is-AKAZA"
7581801127412319248,just.want.her.bac,canopy_014,1,0,0,0,2,2.0,1780996346,1780996346,[],gua kalo jalan jauh pasti HP ga gua kunci 😁 Just Want Her Back
7583691841695859720,ghifhars,canopy_172,1,0,0,0,2,2.0,1779958213,1779958213,[],"real, pikiran melampau jauh kedepan Fharr🦊"
7584050819944596487,waxhwal,canopy_180,1,0,0,0,1,1.0,1779690461,1779690461,[],[Sticker] kondisi dompet gw wan??
7602605744538141716,alwaysseanctuary,canopy_141,1,0,0,0,2,2.0,1779688208,1779688208,[],hehhe suka mikir gini sih Seanctuary_
7607445622497264647,404hf.usernotfound,canopy_103,1,0,0,0,2,2.0,1779891604,1779891604,[],pas mau pergi jauh selalu mikir gini jir h
7626262691652420629,cnynhy,canopy_111,1,0,0,0,6,6.0,1779689452,1779689452,[],"sekarang kenapa ya mikir nya gini terus mau kemanapun selalu kepikiran harus bgt bawa ktp, kalo ga bawa tu rasanya ga tenang bgt, bahkan cuma mau beli apa pun kedepan yg jarak nya deket pun tu ktp selalu di bawa trs cinayy"
7629938843277640725,bungsu04806,canopy_033,1,0,0,0,3,3.0,1781775897,1781775897,[],[Sticker] hidup karna masih hidup aja RShoop🇮🇩
7635591227443250194,kaiiraaaaw,canopy_181,1,0,0,0,1,1.0,1780256335,1780256335,[],mindset mama aku kairaaaa
7642599508594115605,ipan71008,canopy_064,1,0,0,0,0,0.0,1782214750,1782214750,[],kukira cuma gw yg kepikiran😹 ⚡𝙓𝙞𝙣𝙣ツ
7648650172402435093,29riee,canopy_042,1,0,0,0,0,0.0,1782223338,1782223338,[],"gak berlaku di gw bro, gw orng jabar ngarantau ke kaltim sendirian bikin ktp kaltim riee"
7650741089351484436,myuuchel,canopy_069,1,0,0,0,3,3.0,1781690572,1781690572,[],"[Sticker] anjirlah gw selalu dnger ucapan ini kluar dri mulut cwo gw,setiap kli gw tanya ""bawa dompet mulu kyk megang duit bnyk aj""(niat cmn ngejokes),tpi ucapan beliau malah bkin gw jdi ngerasa sedih jir Uchel's"
7654157094572098561,zaherbalife,canopy_029,1,0,0,0,0,0.0,1782211780,1782211780,[],"pikiran gw ngarahnya, mau ke Kopdes yg di tengah hutan 😭 ZaHerbalife"
86855738395926528,123004.docx,canopy_056,1,0,0,0,2,2.0,1780255535,1780255535,[],"iya bgt lg, slalu bawa dompet meskipun isiny tinggal ceban wkwkwk yahh krn sperti yg di vt bluetality"
95653080293068800,merlindaarrrr,canopy_163,1,0,0,0,1,1.0,1779733408,1779733408,[],"eh sumpah ak jg skr mikirnya kesitu, bkn krn harus ada duit atau gak😭 lindaa"
