source,target,weight
277636453445046272,6565018648809078790,0.03146012691088342
277636453445046272,6586144504133271558,0.015042743479318634
277636453445046272,6630176154991411206,0.05111748273499693
277636453445046272,6669850252496093190,0.0352221422527206
277636453445046272,6765565991936377862,0.015058742128698439
277636453445046272,6802216129184941062,0.14964082945821686
277636453445046272,6803687435404641286,0.014679738083670834
277636453445046272,6807686944023020545,0.1520286375946931
277636453445046272,6831114394236601346,0.07714542335042861
277636453445046272,6842625485920437250,0.06475495664086514
277636453445046272,6876111398716916738,0.15398684468913124
277636453445046272,6884016318182720517,0.09197835538621332
277636453445046272,6887161232442033153,0.15141193433601746
277636453445046272,6908266585728697349,0.1525445525107853
277636453445046272,6914932704597935110,0.013907472149761645
277636453445046272,6962998966736946178,0.014891410293642784
277636453445046272,6982171632279634946,0.14967176205174115
277636453445046272,7014863130023052293,0.01502404723379834
277636453445046272,7028867830490547206,0.015134909983644817
277636453445046272,7047494209448166401,0.14967176205174115
277636453445046272,7057768423321748481,0.1501031611704424
277636453445046272,7089082529218593798,0.07714542335042861
277636453445046272,7125195944199996422,0.05848992349165775
277636453445046272,7139448682156131355,0.1289405035746171
277636453445046272,7154612198102483973,0.03157652832718191
277636453445046272,7154955988025590786,0.033822606899059936
277636453445046272,7170886050868675589,0.15591878250929636
277636453445046272,7174050320195568646,0.03817590409657512
277636453445046272,7256202462158406658,0.15341177593950592
277636453445046272,7290350607356150827,0.1503134909206236
277636453445046272,7308377902638728224,0.05125416856932176
277636453445046272,7345693452820186117,0.015083513111894693
277636453445046272,7396903607784490000,0.1513536862633696
277636453445046272,7421992589585843243,0.014352851341493628
277636453445046272,7434627254548382776,0.5
277636453445046272,7442002957991724065,0.15128477843234123
277636453445046272,7444668199523992609,0.014865280778285365
277636453445046272,7455253044214449159,0.15278703635188357
277636453445046272,7457519820280644613,0.06432684796708676
277636453445046272,7475281813004338198,0.014874733253408521
277636453445046272,7546456230891750422,0.014822492316654483
277636453445046272,7567226487067427860,0.014948740307125374
6557891870416224258,6705803659719263237,0.01513877338597774
6557891870416224258,6880273018033079298,0.015030622487867233
6557891870416224258,6889429234431853574,0.016866071000311053
6557891870416224258,6933226203005453314,0.024126826220624967
6557891870416224258,7024773008388834309,0.024963006803338673
6557891870416224258,7089082529218593798,0.015690096489513968
6557891870416224258,7232053097944777733,0.016600142177819292
6557891870416224258,7378567914254959622,0.014471952443249001
6557891870416224258,7387033416446837765,0.014410640004275083
6557891870416224258,7421992589585843243,0.014086399594275439
6557891870416224258,7424553645365543942,0.014617425801827517
6557891870416224258,7462811958108062726,0.015614457099379083
6557891870416224258,7585691270368019463,0.015508314750582097
6557891870416224258,7594214580139967544,0.016861881791280682
6557891870416224258,7610014708498023431,0.014330316914763745
6565018648809078790,6807686944023020545,0.015942800776059158
6565018648809078790,6876111398716916738,0.016148152255088546
6565018648809078790,6887161232442033153,0.01990281530439839
6565018648809078790,6908266585728697349,0.015996903271844085
6565018648809078790,6914932704597935110,0.009039834081963388
6565018648809078790,6982171632279634946,0.03529987220860096
6565018648809078790,7009641336668161030,0.02326515278273475
6565018648809078790,7033309963939496987,0.018730025628695884
6565018648809078790,7170886050868675589,0.016350748951776312
6565018648809078790,7256202462158406658,0.016087846468936226
6565018648809078790,7337597547799020549,0.023172516523333908
6565018648809078790,7396903607784490000,0.015872020594252134
6565018648809078790,7434627254548382776,0.03146012691088342
6565018648809078790,7442002957991724065,0.015864794430554448
6565018648809078790,7455253044214449159,0.016022331846560052
6586144504133271558,6765565991936377862,0.015341236382068723
6586144504133271558,6803687435404641286,0.014857754591777095
6586144504133271558,6884016318182720517,0.015014815355216963
6586144504133271558,6962998966736946178,0.015214014714282832
6586144504133271558,7014863130023052293,0.01535163284884992
6586144504133271558,7028867830490547206,0.015464284746962636
6586144504133271558,7174050320195568646,0.014664947093176152
6586144504133271558,7345693452820186117,0.015317793283390783
6586144504133271558,7421992589585843243,0.014659697309353363
6586144504133271558,7424553645365543942,0.014434384170896507
6586144504133271558,7444668199523992609,0.015190392128383993
6586144504133271558,7457519820280644613,0.01471375759231963
6586144504133271558,7475281813004338198,0.01519705285620448
6586144504133271558,7546456230891750422,0.015146911642204178
6586144504133271558,7567226487067427860,0.015275237595782762
6586144504133271558,7610014708498023431,0.01465982352007637
6627871200587038726,6669850252496093190,0.07678292427411272
6627871200587038726,6807686944023020545,0.1376733888950382
6627871200587038726,6876111398716916738,0.13816107199213903
6627871200587038726,6887161232442033153,0.13754931385332722
6627871200587038726,6908266585728697349,0.13811083625359172
6627871200587038726,6982171632279634946,0.15668222368133522
6627871200587038726,7047494209448166401,0.13745494920079793
6627871200587038726,7057768423321748481,0.137545190737555
6627871200587038726,7125195944199996422,0.17915854769930226
6627871200587038726,7141833908052296709,0.13738879791480604
6627871200587038726,7170886050868675589,0.1379158158164548
6627871200587038726,7256202462158406658,0.13849813440139513
6627871200587038726,7290350607356150827,0.13757744233802735
6627871200587038726,7337597547799020549,0.010555854353979599
6627871200587038726,7396903607784490000,0.13749639872176161
6627871200587038726,7442002957991724065,0.13749725468053356
6627871200587038726,7455253044214449159,0.1379341277151906
6627871200587038726,7610364091814872085,0.021580804342385435
6630176154991411206,6693961050361267206,0.015190492785364598
6630176154991411206,6807686944023020545,0.025904404191572767
6630176154991411206,6814332639731713025,0.014262838296837685
6630176154991411206,6876111398716916738,0.02623806624937773
6630176154991411206,6880273018033079298,0.014026240108213796
6630176154991411206,6887161232442033153,0.041628557142277124
6630176154991411206,6908266585728697349,0.025992311764293
6630176154991411206,6933063571936953349,0.004106971221253588
6630176154991411206,6933226203005453314,0.023412069164618153
6630176154991411206,6987706064737289217,0.00408936677737866
6630176154991411206,6995594325438972933,0.014238636801598863
6630176154991411206,7024773008388834309,0.023752662756205623
6630176154991411206,7057768423321748481,0.025576319165328504
6630176154991411206,7124134844511126555,0.04453401831923762
6630176154991411206,7170886050868675589,0.026567252243268995
6630176154991411206,7256202462158406658,0.02614007935977637
6630176154991411206,7290350607356150827,0.025612157589906984
6630176154991411206,7337597547799020549,0.004057468884121895
6630176154991411206,7378567914254959622,0.014206166595323658
6630176154991411206,7387033416446837765,0.01421674347649064
6630176154991411206,7396903607784490000,0.025789398148153127
6630176154991411206,7434627254548382776,0.05111748273499693
6630176154991411206,7442002957991724065,0.025777656831943465
6630176154991411206,7455253044214449159,0.026033628976162525
6630176154991411206,7462811958108062726,0.014185651343112117
6630176154991411206,7469354913887241217,0.014553750561409354
6630176154991411206,7499826250930226194,0.04175226680414779
6647609787890106374,6669850252496093190,0.016085060547614972
6647609787890106374,6700212094179394565,0.01554343889034854
6647609787890106374,6718433480264762373,0.015460840476735764
6647609787890106374,6793797962901242885,0.01607038368932074
6647609787890106374,6803687435404641286,0.01473200611212547
6647609787890106374,6829337968281682949,0.01607726520209707
6647609787890106374,6865188838906889221,0.015419397364087288
6647609787890106374,6969779682486141958,0.0159119121239399
6647609787890106374,7071395036047131653,0.015116727968501368
6647609787890106374,7074661077590197253,0.015691921992028426
6647609787890106374,7174050320195568646,0.014952172234474618
6647609787890106374,7227584300489081862,0.016002356204334607
6647609787890106374,7248602643801932827,0.01609267824185745
6647609787890106374,7315521386973627425,0.0159726399027668
6647609787890106374,7434627254548382776,0.015769018805495437
6647609787890106374,7457519820280644613,0.014880749355920254
6647609787890106374,7610364091814872085,0.014792079867650685
6669850252496093190,6700212094179394565,0.016154576197537584
6669850252496093190,6718433480264762373,0.01556208479466271
6669850252496093190,6793797962901242885,0.01633347423683254
6669850252496093190,6807686944023020545,0.017849247666158627
6669850252496093190,6829337968281682949,0.01632556308278695
6669850252496093190,6865188838906889221,0.015519701232319737
6669850252496093190,6876111398716916738,0.018079155162293914
6669850252496093190,6887161232442033153,0.017776842299809328
6669850252496093190,6908266585728697349,0.017909819761374957
6669850252496093190,6969779682486141958,0.01602538494421734
6669850252496093190,7071395036047131653,0.015208709915928252
6669850252496093190,7074661077590197253,0.015799328800443473
6669850252496093190,7125195944199996422,0.05856217092794828
6669850252496093190,7170886050868675589,0.018305978458044804
6669850252496093190,7174050320195568646,0.015039844277194419
6669850252496093190,7227584300489081862,0.016415348210141022
6669850252496093190,7248602643801932827,0.016308632972927506
6669850252496093190,7256202462158406658,0.01801163798461259
6669850252496093190,7290350607356150827,0.01764787719903077
6669850252496093190,7315521386973627425,0.0166185003788488
6669850252496093190,7396903607784490000,0.01777000356014016
6669850252496093190,7434627254548382776,0.05163355785254892
6669850252496093190,7442002957991724065,0.017761913288717467
6669850252496093190,7455253044214449159,0.01793828909585879
6669850252496093190,7610364091814872085,0.03586162236389989
6693961050361267206,6806764615436223494,0.013071775918557935
6693961050361267206,6814332639731713025,0.014843545990973012
6693961050361267206,6831114394236601346,0.01600864084743269
6693961050361267206,6842625485920437250,0.01574164357093313
6693961050361267206,6887161232442033153,0.015823248478057373
6693961050361267206,6933063571936953349,0.004042778658310306
6693961050361267206,6933226203005453314,0.021874326825157227
6693961050361267206,6987706064737289217,0.004025690106853624
6693961050361267206,6995594325438972933,0.014820605168246837
6693961050361267206,7024773008388834309,0.02217390161479558
6693961050361267206,7124134844511126555,0.01559719450118949
6693961050361267206,7139448682156131355,0.015429224503024384
6693961050361267206,7154955988025590786,0.014713742244990715
6693961050361267206,7337597547799020549,0.003994723144860649
6693961050361267206,7361069886359716906,0.01317761582468784
6693961050361267206,7378567914254959622,0.013276677300251017
6693961050361267206,7387033416446837765,0.013288702080621178
6693961050361267206,7469354913887241217,0.015140304769030433
6700212094179394565,6718433480264762373,0.015050289190802917
6700212094179394565,6793797962901242885,0.015779770501112008
6700212094179394565,6829337968281682949,0.015772609356294116
6700212094179394565,6865188838906889221,0.01501220823713759
6700212094179394565,6969779682486141958,0.015489651591225253
6700212094179394565,7071395036047131653,0.014712829803422213
6700212094179394565,7074661077590197253,0.015274573554543768
6700212094179394565,7174050320195568646,0.014552080141618864
6700212094179394565,7227584300489081862,0.015853998490916798
6700212094179394565,7248602643801932827,0.015757309215777553
6700212094179394565,7315521386973627425,0.01628904899294188
6700212094179394565,7434627254548382776,0.0165462321255541
6700212094179394565,7610364091814872085,0.014396066107141526
6705803659719263237,6889429234431853574,0.015170834842309662
6705803659719263237,6962998966736946178,0.014650363557922924
6705803659719263237,7014863130023052293,0.014769933557339292
6705803659719263237,7028867830490547206,0.014645124091373063
6705803659719263237,7089082529218593798,0.014869100087508972
6705803659719263237,7232053097944777733,0.01485058831424189
6705803659719263237,7421992589585843243,0.014563837402220631
6705803659719263237,7424553645365543942,0.015079530493205444
6705803659719263237,7444668199523992609,0.014957257144686037
6705803659719263237,7462811958108062726,0.014002850606487368
6705803659719263237,7475281813004338198,0.014667447137978344
6705803659719263237,7546456230891750422,0.015005416749532603
6705803659719263237,7567226487067427860,0.014866792939298018
6705803659719263237,7585691270368019463,0.015283266295041282
6705803659719263237,7594214580139967544,0.015258123633036663
6705803659719263237,7610014708498023431,0.014802530757195627
6718433480264762373,6793797962901242885,0.015553868747924561
6718433480264762373,6829337968281682949,0.015560632328568766
6718433480264762373,6865188838906889221,0.015339042334411211
6718433480264762373,6969779682486141958,0.015517933028480793
6718433480264762373,7071395036047131653,0.015043051621668418
6718433480264762373,7074661077590197253,0.015432094056850925
6718433480264762373,7174050320195568646,0.014881959933503287
6718433480264762373,7227584300489081862,0.01548695284233413
6718433480264762373,7248602643801932827,0.015575769464261962
6718433480264762373,7315521386973627425,0.01545134117538206
6718433480264762373,7434627254548382776,0.015250554358153829
6718433480264762373,7457519820280644613,0.014811870878656066
6718433480264762373,7610364091814872085,0.014725182797815001
6765565991936377862,6803687435404641286,0.014873689953331675
6765565991936377862,6884016318182720517,0.015030821146089758
6765565991936377862,6962998966736946178,0.015187639260677413
6765565991936377862,7014863130023052293,0.015324986313080985
6765565991936377862,7028867830490547206,0.015437610254064057
6765565991936377862,7071395036047131653,0.014745522546050039
6765565991936377862,7174050320195568646,0.014680957865983429
6765565991936377862,7345693452820186117,0.015333971462804956
6765565991936377862,7421992589585843243,0.014634064676196636
6765565991936377862,7444668199523992609,0.015163778101223074
6765565991936377862,7457519820280644613,0.014729740875687918
6765565991936377862,7475281813004338198,0.015170683056737742
6765565991936377862,7546456230891750422,0.015120308444477145
6765565991936377862,7567226487067427860,0.015248599388948745
6765565991936377862,7610014708498023431,0.014633984095862942
6793797962901242885,6829337968281682949,0.01630782515593193
6793797962901242885,6865188838906889221,0.015511998941937093
6793797962901242885,6969779682486141958,0.01601144491571797
6793797962901242885,7071395036047131653,0.015204724220095127
6793797962901242885,7074661077590197253,0.015788207386257108
6793797962901242885,7174050320195568646,0.015037836870712556
6793797962901242885,7227584300489081862,0.016246962846135925
6793797962901242885,7248602643801932827,0.01629110651767139
6793797962901242885,7315521386973627425,0.016220059364148758
6793797962901242885,7434627254548382776,0.01601473492644815
6793797962901242885,7457519820280644613,0.014965622424149942
6793797962901242885,7610364091814872085,0.014875520512199225
6802216129184941062,6807686944023020545,0.49758666535278945
6802216129184941062,6849714013304079366,0.4984100250879291
6802216129184941062,6876111398716916738,0.4973360321234486
6802216129184941062,6887161232442033153,0.4976632637629531
6802216129184941062,6908266585728697349,0.49817372283059036
6802216129184941062,6914932704597935110,0.019121591718379006
6802216129184941062,6933063571936953349,0.01794833039376569
6802216129184941062,6982171632279634946,0.4986257424144838
6802216129184941062,6987706064737289217,0.01846970187542225
6802216129184941062,7033309963939496987,0.49704538960555733
6802216129184941062,7047494209448166401,0.4986257424144838
6802216129184941062,7057768423321748481,0.5094053074179435
6802216129184941062,7093023801574867969,0.4979753722575171
6802216129184941062,7141833908052296709,0.49838577481578206
6802216129184941062,7170886050868675589,0.4944979800355159
6802216129184941062,7256202462158406658,0.5110424486018404
6802216129184941062,7290350607356150827,0.49840332996951386
6802216129184941062,7327226218813391877,0.4975201531916625
6802216129184941062,7396903607784490000,0.497471813029106
6802216129184941062,7434627254548382776,0.14964082945821686
6802216129184941062,7442002957991724065,0.5275708982604589
6802216129184941062,7455253044214449159,0.4969622789318513
6802216129184941062,7510166423118758918,0.49775887199872987
6802216129184941062,7579316049855841287,0.5086927782278492
6803687435404641286,6865188838906889221,0.014708358586296199
6803687435404641286,6884016318182720517,0.014703389681109586
6803687435404641286,6962998966736946178,0.01470741534166259
6803687435404641286,6969779682486141958,0.014787666864287355
6803687435404641286,7014863130023052293,0.014837516916075783
6803687435404641286,7028867830490547206,0.014947591281702225
6803687435404641286,7074661077590197253,0.014710684178193822
6803687435404641286,7345693452820186117,0.014898261351531172
6803687435404641286,7444668199523992609,0.014679829882114694
6803687435404641286,7475281813004338198,0.014690865946852842
6803687435404641286,7567226487067427860,0.014762674279430177
6806764615436223494,6807686944023020545,0.013665767423239413
6806764615436223494,6814332639731713025,0.013021510688954494
6806764615436223494,6995594325438972933,0.013091782083017056
6806764615436223494,7093023801574867969,0.014964204426692588
6806764615436223494,7124134844511126555,0.012978106443282534
6806764615436223494,7139448682156131355,0.01295376112640759
6806764615436223494,7141833908052296709,0.014901333078380275
6806764615436223494,7154612198102483973,0.01532355725026024
6806764615436223494,7170886050868675589,0.01352780941953329
6806764615436223494,7234260997438374917,0.015151876982978527
6806764615436223494,7290350607356150827,0.015396470151861552
6806764615436223494,7333933730745566213,0.01602553201506897
6806764615436223494,7361069886359716906,0.01622997628414749
6806764615436223494,7469354913887241217,0.013173547290650598
6806764615436223494,7547644791631135764,0.012900427570411242
6807686944023020545,6831114394236601346,0.03909437869543828
6807686944023020545,6842625485920437250,0.03281535945204717
6807686944023020545,6849714013304079366,0.5161372345232073
6807686944023020545,6876111398716916738,0.5138259231784508
6807686944023020545,6884016318182720517,0.03909437869543828
6807686944023020545,6887161232442033153,0.4971626796147951
6807686944023020545,6908266585728697349,0.5184513630296813
6807686944023020545,6982171632279634946,0.4980858147942193
6807686944023020545,7009641336668161030,0.1213887948047124
6807686944023020545,7033309963939496987,0.4965095390823705
6807686944023020545,7047494209448166401,0.5097180067561402
6807686944023020545,7057768423321748481,0.4979855297936148
6807686944023020545,7089082529218593798,0.03909437869543828
6807686944023020545,7093023801574867969,0.5238592255139396
6807686944023020545,7125195944199996422,0.029640477938181874
6807686944023020545,7139448682156131355,0.11360774585071415
6807686944023020545,7141833908052296709,0.5238763349239149
6807686944023020545,7154612198102483973,0.03677012336312666
6807686944023020545,7154955988025590786,0.017140016155883165
6807686944023020545,7170886050868675589,0.5201452256156995
6807686944023020545,7234260997438374917,0.015366666823809418
6807686944023020545,7253090810513097730,0.11352198966871387
6807686944023020545,7256202462158406658,0.4985258560080962
6807686944023020545,7290350607356150827,0.5230985846538987
6807686944023020545,7308377902638728224,0.02597367139547576
6807686944023020545,7327226218813391877,0.49698142273814505
6807686944023020545,7333933730745566213,0.014110949333727292
6807686944023020545,7361069886359716906,0.013509130896176724
6807686944023020545,7389767673448285226,0.013235032120536904
6807686944023020545,7396903607784490000,0.5202659883861462
6807686944023020545,7434627254548382776,0.1520286375946931
6807686944023020545,7442002957991724065,0.49704908215997157
6807686944023020545,7455253044214449159,0.49649570652449726
6807686944023020545,7457519820280644613,0.025231056986226616
6807686944023020545,7510166423118758918,0.5120635043971278
6807686944023020545,7547644791631135764,0.015038729190195497
6807686944023020545,7555104317654008839,0.007645544331407922
6807686944023020545,7579316049855841287,0.49627503437678644
6814332639731713025,6831114394236601346,0.015046320724170443
6814332639731713025,6842625485920437250,0.02307686287352084
6814332639731713025,6887161232442033153,0.014865575494683366
6814332639731713025,6933226203005453314,0.020507198401918985
6814332639731713025,6995594325438972933,0.01471407663723105
6814332639731713025,7028867830490547206,0.013489557585311375
6814332639731713025,7124134844511126555,0.014738147334087705
6814332639731713025,7139448682156131355,0.014703464529280542
6814332639731713025,7154955988025590786,0.013805542126870598
6814332639731713025,7333933730745566213,0.012662856610899288
6814332639731713025,7337597547799020549,0.0038256963320566027
6814332639731713025,7361069886359716906,0.013123733487777121
6814332639731713025,7367577463750132741,0.029708918649073993
6814332639731713025,7378567914254959622,0.022374421073027038
6814332639731713025,7387033416446837765,0.02594966909000852
6814332639731713025,7469354913887241217,0.014907532442937611
6829337968281682949,6865188838906889221,0.015518764279021689
6829337968281682949,6969779682486141958,0.016018327942643254
6829337968281682949,7071395036047131653,0.015211381870895125
6829337968281682949,7074661077590197253,0.015795028035940115
6829337968281682949,7174050320195568646,0.015044446753661456
6829337968281682949,7227584300489081862,0.01623914950675648
6829337968281682949,7248602643801932827,0.016298056364993076
6829337968281682949,7315521386973627425,0.01621214346361321
6829337968281682949,7434627254548382776,0.016006806999165863
6829337968281682949,7457519820280644613,0.014972229218782752
6829337968281682949,7610364091814872085,0.014882085671993778
6831114394236601346,6876111398716916738,0.039597934413132425
6831114394236601346,6887161232442033153,0.05516212807520173
6831114394236601346,6908266585728697349,0.03922704694415406
6831114394236601346,6933063571936953349,0.004143539467659792
6831114394236601346,6933226203005453314,0.022425319340551354
6831114394236601346,6982171632279634946,0.042476880021546086
6831114394236601346,6987706064737289217,0.0041256386724035365
6831114394236601346,6995594325438972933,0.01502326762037446
6831114394236601346,7047494209448166401,0.038488304823620624
6831114394236601346,7057768423321748481,0.03859923971577132
6831114394236601346,7124134844511126555,0.015819689644185696
6831114394236601346,7170886050868675589,0.040094734949876906
6831114394236601346,7256202462158406658,0.0394500546726476
6831114394236601346,7290350607356150827,0.038653326307841046
6831114394236601346,7337597547799020549,0.004093206050564889
6831114394236601346,7396903607784490000,0.038920814008118663
6831114394236601346,7434627254548382776,0.07714542335042861
6831114394236601346,7442002957991724065,0.038903094262129186
6831114394236601346,7455253044214449159,0.039289402006077945
6831114394236601346,7469354913887241217,0.015351965009412964
6842625485920437250,6876111398716916738,0.03323803817036109
6842625485920437250,6880273018033079298,0.013744186728418595
6842625485920437250,6887161232442033153,0.04908064799361959
6842625485920437250,6908266585728697349,0.03292671961212026
6842625485920437250,6933063571936953349,0.004154031260724164
6842625485920437250,6933226203005453314,0.02295094986173907
6842625485920437250,6987706064737289217,0.004136045113901109
6842625485920437250,6995594325438972933,0.014763280111347983
6842625485920437250,7024773008388834309,0.023283064248861524
6842625485920437250,7028867830490547206,0.0639158128900715
6842625485920437250,7124134844511126555,0.01555493044087131
6842625485920437250,7170886050868675589,0.033655046669619895
6842625485920437250,7256202462158406658,0.033113909663869415
6842625485920437250,7290350607356150827,0.03244514529034019
6842625485920437250,7337597547799020549,0.004103458491031913
6842625485920437250,7378567914254959622,0.02807385531963808
6842625485920437250,7387033416446837765,0.07785633009285021
6842625485920437250,7396903607784490000,0.032669671304732015
6842625485920437250,7434627254548382776,0.06475495664086514
6842625485920437250,7442002957991724065,0.032654797559363825
6842625485920437250,7455253044214449159,0.03297905971417502
6842625485920437250,7469354913887241217,0.015088804662063403
6842625485920437250,7585691270368019463,0.015117966281721311
6842625485920437250,7594214580139967544,0.044223471175731034
6849714013304079366,6876111398716916738,0.5269860200340541
6849714013304079366,6887161232442033153,0.4984165017430048
6849714013304079366,6908266585728697349,0.5239961762453857
6849714013304079366,6982171632279634946,0.49891260709499524
6849714013304079366,7033309963939496987,0.5182782756215728
6849714013304079366,7047494209448166401,0.5220631008970809
6849714013304079366,7057768423321748481,0.49880206113030456
6849714013304079366,7093023801574867969,0.4987338681579026
6849714013304079366,7141833908052296709,0.4991448958247078
6849714013304079366,7170886050868675589,0.513113794802897
6849714013304079366,7256202462158406658,0.49927447068596575
6849714013304079366,7290350607356150827,0.4986887114950279
6849714013304079366,7327226218813391877,0.49827795572082034
6849714013304079366,7367577463750132741,0.015496276213365013
6849714013304079366,7389767673448285226,0.014261566473435598
6849714013304079366,7396903607784490000,0.5194847229089983
6849714013304079366,7407221110629073926,0.013552533803883006
6849714013304079366,7442002957991724065,0.49783511407629
6849714013304079366,7455253044214449159,0.5192184147310914
6849714013304079366,7499826250930226194,0.015069541152874464
6849714013304079366,7510166423118758918,0.5246724637468214
6849714013304079366,7547644791631135764,0.012052398064954683
6849714013304079366,7555104317654008839,0.014585090097756409
6849714013304079366,7579316049855841287,0.49708876106750643
6865188838906889221,6969779682486141958,0.015476495755805989
6865188838906889221,7071395036047131653,0.015085987762638472
6865188838906889221,7074661077590197253,0.015391046840552914
6865188838906889221,7174050320195568646,0.014924555696763991
6865188838906889221,7227584300489081862,0.015445061110822667
6865188838906889221,7248602643801932827,0.015533904367546644
6865188838906889221,7315521386973627425,0.015408905667111396
6865188838906889221,7434627254548382776,0.015208006674235759
6865188838906889221,7457519820280644613,0.014854429339994974
6865188838906889221,7610364091814872085,0.01476745878393306
6876111398716916738,6884016318182720517,0.039597934413132425
6876111398716916738,6887161232442033153,0.4973913277415708
6876111398716916738,6908266585728697349,0.5216702096620383
6876111398716916738,6982171632279634946,0.4978321401088568
6876111398716916738,7009641336668161030,0.12181879267052242
6876111398716916738,7047494209448166401,0.5223429107877314
6876111398716916738,7057768423321748481,0.4977427109829359
6876111398716916738,7089082529218593798,0.039597934413132425
6876111398716916738,7093023801574867969,0.49763641219061044
6876111398716916738,7125195944199996422,0.030022262548630236
6876111398716916738,7139448682156131355,0.11456182971351576
6876111398716916738,7141833908052296709,0.4980465353975534
6876111398716916738,7154612198102483973,0.022131601300867474
6876111398716916738,7154955988025590786,0.017360788385156936
6876111398716916738,7170886050868675589,0.5110126331362125
6876111398716916738,7253090810513097730,0.10939376243398419
6876111398716916738,7256202462158406658,0.4983564176663773
6876111398716916738,7290350607356150827,0.49764058719999366
6876111398716916738,7308377902638728224,0.02630822565051567
6876111398716916738,7327226218813391877,0.49718150298161545
6876111398716916738,7367577463750132741,0.01630583580978978
6876111398716916738,7389767673448285226,0.013440778436231223
6876111398716916738,7407221110629073926,0.014371153910729025
6876111398716916738,7434627254548382776,0.15398684468913124
6876111398716916738,7457519820280644613,0.02555604598548557
6876111398716916738,7499826250930226194,0.01588007288236261
6876111398716916738,7510166423118758918,0.5249506602356038
6876111398716916738,7555104317654008839,0.015397463467865875
6880273018033079298,6887161232442033153,0.013663796200152801
6880273018033079298,6889429234431853574,0.014998766699937386
6880273018033079298,6933226203005453314,0.024653343311137083
6880273018033079298,7024773008388834309,0.02546385902801749
6880273018033079298,7089082529218593798,0.013959031709315771
6880273018033079298,7154955988025590786,0.014397091533877946
6880273018033079298,7232053097944777733,0.015330651715367075
6880273018033079298,7378567914254959622,0.014789850905854893
6880273018033079298,7387033416446837765,0.014730780929767326
6880273018033079298,7462811958108062726,0.015374875188677738
6880273018033079298,7585691270368019463,0.013772562119857838
6880273018033079298,7594214580139967544,0.01499006756061665
6884016318182720517,6887161232442033153,0.03893579258219789
6884016318182720517,6908266585728697349,0.03922704694415406
6884016318182720517,6962998966736946178,0.014863475575496917
6884016318182720517,6982171632279634946,0.038488304823620624
6884016318182720517,7014863130023052293,0.014995860531221487
6884016318182720517,7047494209448166401,0.038488304823620624
6884016318182720517,7057768423321748481,0.03859923971577132
6884016318182720517,7170886050868675589,0.040094734949876906
6884016318182720517,7256202462158406658,0.0394500546726476
6884016318182720517,7290350607356150827,0.038653326307841046
6884016318182720517,7345693452820186117,0.015055587472157577
6884016318182720517,7396903607784490000,0.038920814008118663
6884016318182720517,7421992589585843243,0.014325570458506732
6884016318182720517,7434627254548382776,0.07714542335042861
6884016318182720517,7442002957991724065,0.038903094262129186
6884016318182720517,7444668199523992609,0.014837091293871252
6884016318182720517,7455253044214449159,0.039289402006077945
6884016318182720517,7475281813004338198,0.014846800610862755
6884016318182720517,7546456230891750422,0.01479430422960394
6884016318182720517,7567226487067427860,0.014920544903872048
6887161232442033153,6908266585728697349,0.49775292355624134
6887161232442033153,6933063571936953349,0.004154031260724164
6887161232442033153,6933226203005453314,0.0228193951536104
6887161232442033153,6982171632279634946,0.5048271119055837
6887161232442033153,6987706064737289217,0.004136045113901109
6887161232442033153,6995594325438972933,0.014842171038579452
6887161232442033153,7009641336668161030,0.12527773243331705
6887161232442033153,7024773008388834309,0.023148272109002065
6887161232442033153,7033309963939496987,0.49658597167989155
6887161232442033153,7047494209448166401,0.49816321766128946
6887161232442033153,7057768423321748481,0.49806009927508615
6887161232442033153,7089082529218593798,0.03893579258219789
6887161232442033153,7093023801574867969,0.4979913315813973
6887161232442033153,7124134844511126555,0.015635740609689423
6887161232442033153,7125195944199996422,0.029520241516791893
6887161232442033153,7139448682156131355,0.1288254913251128
6887161232442033153,7141833908052296709,0.4984017472924158
6887161232442033153,7154612198102483973,0.021849113635884446
6887161232442033153,7154955988025590786,0.03241031935217784
6887161232442033153,7170886050868675589,0.4941437759921531
6887161232442033153,7253090810513097730,0.10890938196748025
6887161232442033153,7256202462158406658,0.4985813006782814
6887161232442033153,7290350607356150827,0.49795073906141374
6887161232442033153,7308377902638728224,0.02586830935288439
6887161232442033153,7327226218813391877,0.4975360979264909
6887161232442033153,7337597547799020549,0.004103458491031913
6887161232442033153,7378567914254959622,0.013849992210037335
6887161232442033153,7396903607784490000,0.4970390364529278
6887161232442033153,7434627254548382776,0.15141193433601746
6887161232442033153,7442002957991724065,0.49711722385753787
6887161232442033153,7455253044214449159,0.4965509254070585
6887161232442033153,7457519820280644613,0.025128707354542618
6887161232442033153,7469354913887241217,0.015168849651227851
6887161232442033153,7510166423118758918,0.49729715135368907
6887161232442033153,7579316049855841287,0.49634934772479866
6889429234431853574,6933226203005453314,0.02407470921323916
6889429234431853574,7024773008388834309,0.02490959018772883
6889429234431853574,7089082529218593798,0.015721950050371938
6889429234431853574,7232053097944777733,0.016566632718993963
6889429234431853574,7378567914254959622,0.01444050900097938
6889429234431853574,7387033416446837765,0.014379252079465362
6889429234431853574,7421992589585843243,0.014117542295603535
6889429234431853574,7424553645365543942,0.014648886636220753
6889429234431853574,7462811958108062726,0.015584150390622897
6889429234431853574,7585691270368019463,0.015540428277359216
6889429234431853574,7594214580139967544,0.016895374880589214
6889429234431853574,7610014708498023431,0.014361723191235035
6908266585728697349,6982171632279634946,0.4986720836633747
6908266585728697349,7009641336668161030,0.12177449902882939
6908266585728697349,7033309963939496987,0.5135235960681218
6908266585728697349,7047494209448166401,0.5173338072464257
6908266585728697349,7057768423321748481,0.49857701522091746
6908266585728697349,7089082529218593798,0.03922704694415406
6908266585728697349,7093023801574867969,0.518665387196459
6908266585728697349,7125195944199996422,0.02974106401808333
6908266585728697349,7139448682156131355,0.1142410891421191
6908266585728697349,7141833908052296709,0.5187292563334407
6908266585728697349,7154612198102483973,0.033453449560166514
6908266585728697349,7154955988025590786,0.01719818144721766
6908266585728697349,7170886050868675589,0.5155565420635254
6908266585728697349,7234260997438374917,0.011920206826786338
6908266585728697349,7253090810513097730,0.10935398656680899
6908266585728697349,7256202462158406658,0.49915434305059003
6908266585728697349,7290350607356150827,0.5179362119549672
6908266585728697349,7308377902638728224,0.026061814029065152
6908266585728697349,7327226218813391877,0.49756639168936945
6908266585728697349,7367577463750132741,0.012745296307298164
6908266585728697349,7389767673448285226,0.015647318718741452
6908266585728697349,7396903607784490000,0.5216501811185696
6908266585728697349,7407221110629073926,0.010868206570670724
6908266585728697349,7434627254548382776,0.1525445525107853
6908266585728697349,7442002957991724065,0.4976384526071993
6908266585728697349,7455253044214449159,0.5146072462872245
6908266585728697349,7457519820280644613,0.025316679529807318
6908266585728697349,7499826250930226194,0.01233631885342218
6908266585728697349,7510166423118758918,0.5197839598328318
6908266585728697349,7547644791631135764,0.013517237806779893
6908266585728697349,7555104317654008839,0.011869716403039264
6908266585728697349,7579316049855841287,0.4968644881524607
6914932704597935110,6933063571936953349,0.012414066258510867
6914932704597935110,6987706064737289217,0.012946354970881783
6914932704597935110,7009641336668161030,0.01841579090870908
6914932704597935110,7057768423321748481,0.010825268805758338
6914932704597935110,7125195944199996422,0.017514574790782018
6914932704597935110,7154612198102483973,0.012527512222872041
6914932704597935110,7253090810513097730,0.01653745379951324
6914932704597935110,7256202462158406658,0.018619811115047867
6914932704597935110,7308377902638728224,0.015511043487752035
6914932704597935110,7434627254548382776,0.013907472149761645
6914932704597935110,7442002957991724065,0.022000731182133967
6914932704597935110,7579316049855841287,0.0114135047919296
6933063571936953349,6987706064737289217,0.026950295611356933
6933063571936953349,7124134844511126555,0.003994292979234357
6933063571936953349,7125195944199996422,0.006359701218252818
6933063571936953349,7139448682156131355,0.00396060488650379
6933063571936953349,7154955988025590786,0.00408918394779103
6933063571936953349,7387033416446837765,0.0038982476006264935
6933063571936953349,7442002957991724065,0.011260899533077932
6933063571936953349,7469354913887241217,0.003947781112740708
6933226203005453314,6995594325438972933,0.02046340554503823
6933226203005453314,7024773008388834309,0.02502001989936889
6933226203005453314,7089082529218593798,0.0224118352649407
6933226203005453314,7124134844511126555,0.021619252980643665
6933226203005453314,7154955988025590786,0.02401890964613334
6933226203005453314,7232053097944777733,0.024617275803780196
6933226203005453314,7378567914254959622,0.024660863660479485
6933226203005453314,7387033416446837765,0.02456407682475274
6933226203005453314,7462811958108062726,0.02473033743891341
6933226203005453314,7469354913887241217,0.020920895771239616
6933226203005453314,7585691270368019463,0.02210013439876601
6933226203005453314,7594214580139967544,0.024058184693817593
6962998966736946178,7014863130023052293,0.015521432346028315
6962998966736946178,7028867830490547206,0.015397120750383398
6962998966736946178,7345693452820186117,0.015164165544822021
6962998966736946178,7421992589585843243,0.014837453764364322
6962998966736946178,7424553645365543942,0.01461367565968636
6962998966736946178,7444668199523992609,0.015374241312001016
6962998966736946178,7475281813004338198,0.015379196926826228
6962998966736946178,7546456230891750422,0.015330746462145132
6962998966736946178,7567226487067427860,0.01545913600866217
6962998966736946178,7610014708498023431,0.014839020596849292
6969779682486141958,7071395036047131653,0.015172864795941678
6969779682486141958,7074661077590197253,0.015749540035802607
6969779682486141958,7174050320195568646,0.015007876776635214
6969779682486141958,7227584300489081862,0.015943395942995243
6969779682486141958,7248602643801932827,0.016033742970919463
6969779682486141958,7315521386973627425,0.015912906503152524
6969779682486141958,7434627254548382776,0.01570915494064194
6969779682486141958,7457519820280644613,0.014936413377166615
6969779682486141958,7610364091814872085,0.01484737882472095
6982171632279634946,7009641336668161030,0.14280904329497443
6982171632279634946,7033309963939496987,0.49754636685308085
6982171632279634946,7047494209448166401,0.49912846830835117
6982171632279634946,7057768423321748481,0.49901815967938845
6982171632279634946,7089082529218593798,0.038488304823620624
6982171632279634946,7093023801574867969,0.4984774424332964
6982171632279634946,7139448682156131355,0.11674462058732551
6982171632279634946,7141833908052296709,0.49888825876882037
6982171632279634946,7170886050868675589,0.49498853640164175
6982171632279634946,7253090810513097730,0.10883466552071192
6982171632279634946,7256202462158406658,0.4994927175811308
6982171632279634946,7290350607356150827,0.49890491098286427
6982171632279634946,7308377902638728224,0.025571005740891186
6982171632279634946,7327226218813391877,0.5304895454066839
6982171632279634946,7337597547799020549,0.01700021717745045
6982171632279634946,7396903607784490000,0.49797157459550284
6982171632279634946,7434627254548382776,0.14967176205174115
6982171632279634946,7442002957991724065,0.49805131041917416
6982171632279634946,7455253044214449159,0.49745863074202756
6982171632279634946,7457519820280644613,0.024839903963516503
6982171632279634946,7510166423118758918,0.49826072389398957
6982171632279634946,7579316049855841287,0.49730411735490665
6987706064737289217,7124134844511126555,0.0039775903602082725
6987706064737289217,7125195944199996422,0.00692092045580833
6987706064737289217,7139448682156131355,0.003944168489110473
6987706064737289217,7154955988025590786,0.004071723010201432
6987706064737289217,7378567914254959622,0.0038905879328371726
6987706064737289217,7387033416446837765,0.003882299739889174
6987706064737289217,7442002957991724065,0.0117972168408845
6995594325438972933,7124134844511126555,0.014715253047820303
6995594325438972933,7139448682156131355,0.014680667551187167
6995594325438972933,7154955988025590786,0.013780661358397499
6995594325438972933,7333933730745566213,0.012732708709993303
6995594325438972933,7361069886359716906,0.013194048590064946
6995594325438972933,7387033416446837765,0.012433991453444614
6995594325438972933,7469354913887241217,0.01488512565964694
7009641336668161030,7047494209448166401,0.12119619308673224
7009641336668161030,7057768423321748481,0.12127576047064126
7009641336668161030,7141833908052296709,0.12113786645624987
7009641336668161030,7170886050868675589,0.1216025464385987
7009641336668161030,7253090810513097730,0.3412135983161172
7009641336668161030,7256202462158406658,0.12211598590417462
7009641336668161030,7290350607356150827,0.12130419721461394
7009641336668161030,7337597547799020549,0.020748700886660996
7009641336668161030,7396903607784490000,0.12123273978203335
7009641336668161030,7442002957991724065,0.12123349449436052
7009641336668161030,7455253044214449159,0.12161869232805467
7014863130023052293,7028867830490547206,0.01553755187317804
7014863130023052293,7345693452820186117,0.01530131886762727
7014863130023052293,7421992589585843243,0.014955394645711776
7014863130023052293,7424553645365543942,0.014730844448771607
7014863130023052293,7444668199523992609,0.015500454203944077
7014863130023052293,7475281813004338198,0.015504308869783993
7014863130023052293,7546456230891750422,0.015456599782260187
7014863130023052293,7567226487067427860,0.015586064681292283
7014863130023052293,7610014708498023431,0.014957908097689165
7024773008388834309,7089082529218593798,0.023170778806398076
7024773008388834309,7124134844511126555,0.021910066646322363
7024773008388834309,7154955988025590786,0.024373170659286732
7024773008388834309,7232053097944777733,0.025466061996346833
7024773008388834309,7378567914254959622,0.02501833598378239
7024773008388834309,7387033416446837765,0.024918704266142115
7024773008388834309,7462811958108062726,0.02556471310957876
7024773008388834309,7585691270368019463,0.022857393742737413
7024773008388834309,7594214580139967544,0.024894756847203246
7028867830490547206,7345693452820186117,0.015413958207768703
7028867830490547206,7378567914254959622,0.023015919532745444
7028867830490547206,7387033416446837765,0.10400377699770856
7028867830490547206,7421992589585843243,0.014833974687853066
7028867830490547206,7424553645365543942,0.01460830737140686
7028867830490547206,7444668199523992609,0.01537497203071526
7028867830490547206,7475281813004338198,0.015380003682514048
7028867830490547206,7546456230891750422,0.01533111600819531
7028867830490547206,7567226487067427860,0.015460571011219676
7028867830490547206,7585691270368019463,0.024599946753822183
7028867830490547206,7594214580139967544,0.07196040895444485
7028867830490547206,7610014708498023431,0.014835494660006707
7028867830490547206,7610364091814872085,0.014697128284743916
7033309963939496987,7047494209448166401,0.5255484823076527
7033309963939496987,7057768423321748481,0.5120697771566645
7033309963939496987,7093023801574867969,0.4968974045529366
7033309963939496987,7141833908052296709,0.4973069187124406
7033309963939496987,7256202462158406658,0.5115687442461977
7033309963939496987,7290350607356150827,0.49732443586451647
7033309963939496987,7327226218813391877,0.4964431709001743
7033309963939496987,7367577463750132741,0.014999145416802058
7033309963939496987,7407221110629073926,0.017221134998920855
7033309963939496987,7442002957991724065,0.49647431324485736
7033309963939496987,7499826250930226194,0.015447898410716808
7033309963939496987,7510166423118758918,0.5211984858058821
7033309963939496987,7555104317654008839,0.015985725174189884
7047494209448166401,7057768423321748481,0.5100457165736962
7047494209448166401,7089082529218593798,0.038488304823620624
7047494209448166401,7093023801574867969,0.4984774424332964
7047494209448166401,7139448682156131355,0.11292644250715454
7047494209448166401,7141833908052296709,0.49888825876882037
7047494209448166401,7154612198102483973,0.02170426227019117
7047494209448166401,7170886050868675589,0.5067221009698729
7047494209448166401,7253090810513097730,0.10883466552071192
7047494209448166401,7256202462158406658,0.5095683503120169
7047494209448166401,7290350607356150827,0.49890491098286427
7047494209448166401,7308377902638728224,0.025571005740891186
7047494209448166401,7327226218813391877,0.49802176440515333
7047494209448166401,7367577463750132741,0.01623389906309483
7047494209448166401,7396903607784490000,0.5130051763468566
7047494209448166401,7407221110629073926,0.017663070789256337
7047494209448166401,7434627254548382776,0.14967176205174115
7047494209448166401,7442002957991724065,0.49805131041917416
7047494209448166401,7455253044214449159,0.5263632207554105
7047494209448166401,7457519820280644613,0.024839903963516503
7047494209448166401,7499826250930226194,0.01666989142819253
7047494209448166401,7510166423118758918,0.5248636787338011
7047494209448166401,7555104317654008839,0.017193502689112686
7047494209448166401,7579316049855841287,0.5075074749129214
7057768423321748481,7089082529218593798,0.03859923971577132
7057768423321748481,7093023801574867969,0.4983672776826661
7057768423321748481,7125195944199996422,0.045494637842962975
7057768423321748481,7139448682156131355,0.11312030963995426
7057768423321748481,7141833908052296709,0.49877800322676136
7057768423321748481,7154612198102483973,0.021750704025568977
7057768423321748481,7154955988025590786,0.01692293404858037
7057768423321748481,7170886050868675589,0.4949101539554366
7057768423321748481,7253090810513097730,0.10890611734930111
7057768423321748481,7256202462158406658,0.5359511941989117
7057768423321748481,7290350607356150827,0.4987982170453965
7057768423321748481,7308377902638728224,0.0439755370074676
7057768423321748481,7327226218813391877,0.49791170036049703
7057768423321748481,7396903607784490000,0.4978684958788757
7057768423321748481,7434627254548382776,0.1501031611704424
7057768423321748481,7442002957991724065,0.5176091559468015
7057768423321748481,7455253044214449159,0.510184808653301
7057768423321748481,7457519820280644613,0.02491150005172705
7057768423321748481,7510166423118758918,0.5053865952765376
7057768423321748481,7579316049855841287,0.5342019530320661
7071395036047131653,7074661077590197253,0.015091626570840191
7071395036047131653,7174050320195568646,0.014723915559742519
7071395036047131653,7227584300489081862,0.015138820588150928
7071395036047131653,7248602643801932827,0.015226274160934895
7071395036047131653,7315521386973627425,0.015099541585778694
7071395036047131653,7345693452820186117,0.014770293433165885
7071395036047131653,7434627254548382776,0.014901479662869496
7074661077590197253,7139448682156131355,0.06379858541343829
7074661077590197253,7174050320195568646,0.014928770980860944
7074661077590197253,7227584300489081862,0.08499964480043731
7074661077590197253,7248602643801932827,0.015810298266927515
7074661077590197253,7315521386973627425,0.015687763953855377
7074661077590197253,7434627254548382776,0.015485580414862615
7074661077590197253,7469354913887241217,0.06927889317129905
7074661077590197253,7610364091814872085,0.014770307409859088
7089082529218593798,7170886050868675589,0.040094734949876906
7089082529218593798,7232053097944777733,0.01540403372706153
7089082529218593798,7256202462158406658,0.0394500546726476
7089082529218593798,7290350607356150827,0.038653326307841046
7089082529218593798,7396903607784490000,0.038920814008118663
7089082529218593798,7434627254548382776,0.07714542335042861
7089082529218593798,7442002957991724065,0.038903094262129186
7089082529218593798,7455253044214449159,0.039289402006077945
7089082529218593798,7462811958108062726,0.01449864571613881
7089082529218593798,7585691270368019463,0.015221694616874018
7089082529218593798,7594214580139967544,0.015810111340078824
7093023801574867969,7141833908052296709,0.5271043228257539
7093023801574867969,7170886050868675589,0.5205157154314265
7093023801574867969,7234260997438374917,0.016767829551699375
7093023801574867969,7256202462158406658,0.49884121660654424
7093023801574867969,7290350607356150827,0.5257921161969953
7093023801574867969,7327226218813391877,0.4978520929826157
7093023801574867969,7333933730745566213,0.015434085680173789
7093023801574867969,7361069886359716906,0.014797678016989068
7093023801574867969,7389767673448285226,0.013204325030950799
7093023801574867969,7396903607784490000,0.52062436912765
7093023801574867969,7442002957991724065,0.49740168950837593
7093023801574867969,7455253044214449159,0.4968097828783101
7093023801574867969,7547644791631135764,0.015092867184927054
7093023801574867969,7579316049855841287,0.4966554710269049
7124134844511126555,7139448682156131355,0.01531646241567072
7124134844511126555,7154955988025590786,0.014539137109896839
7124134844511126555,7174050320195568646,0.013680006359421295
7124134844511126555,7333933730745566213,0.012609952406261032
7124134844511126555,7337597547799020549,0.003947319876670617
7124134844511126555,7361069886359716906,0.013083086739346094
7124134844511126555,7407221110629073926,0.017298253853135905
7124134844511126555,7469354913887241217,0.0150305254686855
7124134844511126555,7499826250930226194,0.02722485515774292
7125195944199996422,7170886050868675589,0.03039892553293723
7125195944199996422,7256202462158406658,0.04682999139058506
7125195944199996422,7290350607356150827,0.029306081945704218
7125195944199996422,7396903607784490000,0.02950888509908286
7125195944199996422,7434627254548382776,0.05848992349165775
7125195944199996422,7442002957991724065,0.04796933255835394
7125195944199996422,7455253044214449159,0.02978834022246267
7125195944199996422,7610364091814872085,0.017424680165900073
7139448682156131355,7170886050868675589,0.1341780270271152
7139448682156131355,7227584300489081862,0.06379858541343829
7139448682156131355,7256202462158406658,0.1147193879205479
7139448682156131355,7290350607356150827,0.11320977684779673
7139448682156131355,7333933730745566213,0.012588074527220721
7139448682156131355,7337597547799020549,0.003914378478494716
7139448682156131355,7361069886359716906,0.013058063914520131
7139448682156131355,7396903607784490000,0.11331788390744606
7139448682156131355,7434627254548382776,0.1289405035746171
7139448682156131355,7442002957991724065,0.11329764042221621
7139448682156131355,7455253044214449159,0.11425221554956881
7139448682156131355,7469354913887241217,0.07879200081281611
7141833908052296709,7170886050868675589,0.5205341790647438
7141833908052296709,7234260997438374917,0.016686017809056045
7141833908052296709,7253090810513097730,0.11352540689781963
7141833908052296709,7256202462158406658,0.4992523327437444
7141833908052296709,7290350607356150827,0.526070454959002
7141833908052296709,7327226218813391877,0.49826239394121813
7141833908052296709,7333933730745566213,0.01536642064197045
7141833908052296709,7361069886359716906,0.014736551141866783
7141833908052296709,7389767673448285226,0.01298990514793319
7141833908052296709,7396903607784490000,0.5206695148610094
7141833908052296709,7442002957991724065,0.4978116192704325
7141833908052296709,7455253044214449159,0.4972192248250876
7141833908052296709,7510166423118758918,0.49802093196334984
7141833908052296709,7547644791631135764,0.014862018978416772
7141833908052296709,7579316049855841287,0.49706478579876145
7154612198102483973,7170886050868675589,0.03698914444799695
7154612198102483973,7232053097944777733,0.17037286395444665
7154612198102483973,7234260997438374917,0.016395561877205814
7154612198102483973,7256202462158406658,0.02212062923396511
7154612198102483973,7290350607356150827,0.038414315813067375
7154612198102483973,7333933730745566213,0.015784474884879395
7154612198102483973,7361069886359716906,0.015159837297244096
7154612198102483973,7389767673448285226,0.012244933423019078
7154612198102483973,7396903607784490000,0.03486046699209989
7154612198102483973,7407221110629073926,0.008193730445275561
7154612198102483973,7434627254548382776,0.03157652832718191
7154612198102483973,7442002957991724065,0.02183460310976182
7154612198102483973,7455253044214449159,0.022030547278385482
7154612198102483973,7547644791631135764,0.014102604006759115
7154955988025590786,7170886050868675589,0.01757859896330651
7154955988025590786,7256202462158406658,0.0172959539709619
7154955988025590786,7290350607356150827,0.016946647050112226
7154955988025590786,7337597547799020549,0.0040400840660132515
7154955988025590786,7378567914254959622,0.0145717194922311
7154955988025590786,7387033416446837765,0.014581629193271387
7154955988025590786,7396903607784490000,0.017063920777365325
7154955988025590786,7434627254548382776,0.033822606899059936
7154955988025590786,7442002957991724065,0.020841790223167428
7154955988025590786,7455253044214449159,0.017225519566007128
7154955988025590786,7462811958108062726,0.014532215840845754
7154955988025590786,7469354913887241217,0.01408811618274894
7170886050868675589,7234260997438374917,0.015219861159524497
7170886050868675589,7253090810513097730,0.11369018751421357
7170886050868675589,7256202462158406658,0.4955921774949188
7170886050868675589,7290350607356150827,0.5197918829850975
7170886050868675589,7308377902638728224,0.026638291872849645
7170886050868675589,7333933730745566213,0.013970892011800328
7170886050868675589,7361069886359716906,0.01337203470127131
7170886050868675589,7389767673448285226,0.013268999814456606
7170886050868675589,7434627254548382776,0.15591878250929636
7170886050868675589,7442002957991724065,0.494514442731189
7170886050868675589,7457519820280644613,0.025876675269583913
7170886050868675589,7510166423118758918,0.5090601501596059
7170886050868675589,7547644791631135764,0.015065446593980856
7170886050868675589,7555104317654008839,0.007703496299967353
7174050320195568646,7227584300489081862,0.014972389082669395
7174050320195568646,7248602643801932827,0.015059228498557193
7174050320195568646,7315521386973627425,0.01493138298500697
7174050320195568646,7345693452820186117,0.01470553774998302
7174050320195568646,7407221110629073926,0.012292436835069786
7174050320195568646,7434627254548382776,0.03842048521617012
7174050320195568646,7547644791631135764,0.015378783372814332
7227584300489081862,7248602643801932827,0.016222427056365615
7227584300489081862,7315521386973627425,0.016301970980574784
7227584300489081862,7434627254548382776,0.01609675013829365
7227584300489081862,7469354913887241217,0.06927889317129905
7227584300489081862,7610364091814872085,0.014810499100073135
7232053097944777733,7378567914254959622,0.01752447983060379
7232053097944777733,7387033416446837765,0.027162579891276618
7232053097944777733,7424553645365543942,0.014334412868919734
7232053097944777733,7462811958108062726,0.0159009166543963
7232053097944777733,7585691270368019463,0.01816618011007831
7232053097944777733,7594214580139967544,0.025180368969408267
7232053097944777733,7610014708498023431,0.014047666589333482
7234260997438374917,7290350607356150827,0.016697839444608373
7234260997438374917,7333933730745566213,0.015617589050569985
7234260997438374917,7361069886359716906,0.01498663410848895
7234260997438374917,7367577463750132741,0.04378583342103326
7234260997438374917,7389767673448285226,0.012733672387027745
7234260997438374917,7396903607784490000,0.013510024439426924
7234260997438374917,7469354913887241217,0.011927770730175249
7234260997438374917,7547644791631135764,0.014607877423844465
7248602643801932827,7315521386973627425,0.016195200720351806
7248602643801932827,7434627254548382776,0.015989834014280297
7248602643801932827,7457519820280644613,0.014987002426369701
7248602643801932827,7610364091814872085,0.014896763829360768
7253090810513097730,7256202462158406658,0.10966064314496828
7253090810513097730,7290350607356150827,0.11367471299441573
7253090810513097730,7396903607784490000,0.10886748459908127
7253090810513097730,7442002957991724065,0.10886816233376588
7253090810513097730,7455253044214449159,0.10921407152712974
7256202462158406658,7290350607356150827,0.4992968667225892
7256202462158406658,7308377902638728224,0.045237371795204165
7256202462158406658,7327226218813391877,0.4983852060379814
7256202462158406658,7396903607784490000,0.4983894967762301
7256202462158406658,7434627254548382776,0.15341177593950592
7256202462158406658,7442002957991724065,0.519264586013586
7256202462158406658,7455253044214449159,0.5098191346796435
7256202462158406658,7457519820280644613,0.025460606122165365
7256202462158406658,7510166423118758918,0.49862433991242283
7256202462158406658,7579316049855841287,0.5352322502483859
7290350607356150827,7308377902638728224,0.025680643339629525
7290350607356150827,7327226218813391877,0.4977987027672106
7290350607356150827,7333933730745566213,0.015862968641756278
7290350607356150827,7361069886359716906,0.015230715128478357
7290350607356150827,7389767673448285226,0.012494137146240421
7290350607356150827,7396903607784490000,0.5198829071834485
7290350607356150827,7434627254548382776,0.1503134909206236
7290350607356150827,7442002957991724065,0.4978382540963842
7290350607356150827,7455253044214449159,0.4972635774479745
7290350607356150827,7457519820280644613,0.02494640690872901
7290350607356150827,7510166423118758918,0.4980375552272003
7290350607356150827,7547644791631135764,0.014370990805125085
7290350607356150827,7579316049855841287,0.4970849301863748
7308377902638728224,7396903607784490000,0.025858357831103285
7308377902638728224,7434627254548382776,0.05125416856932176
7308377902638728224,7442002957991724065,0.0423267392442963
7308377902638728224,7455253044214449159,0.02610324172128844
7315521386973627425,7434627254548382776,0.016559464954529875
7315521386973627425,7610364091814872085,0.014767827846657974
7327226218813391877,7337597547799020549,0.010838980575257005
7327226218813391877,7442002957991724065,0.49694699486870725
7327226218813391877,7510166423118758918,0.4971559440167516
7327226218813391877,7579316049855841287,0.49620145853518766
7333933730745566213,7361069886359716906,0.015860772324909678
7333933730745566213,7389767673448285226,0.011487235311123207
7333933730745566213,7469354913887241217,0.012809422897377111
7333933730745566213,7547644791631135764,0.013348386748207213
7337597547799020549,7469354913887241217,0.0039018377718218885
7345693452820186117,7421992589585843243,0.014611063483406003
7345693452820186117,7444668199523992609,0.015140081824208626
7345693452820186117,7457519820280644613,0.01475430584509239
7345693452820186117,7475281813004338198,0.015147208363927358
7345693452820186117,7546456230891750422,0.015096606230164872
7345693452820186117,7567226487067427860,0.015224911952447552
7345693452820186117,7610014708498023431,0.014610796070196119
7345693452820186117,7610364091814872085,0.014650355272744841
7361069886359716906,7469354913887241217,0.013277163777232613
7361069886359716906,7547644791631135764,0.012743547004399197
7367577463750132741,7389767673448285226,0.011714201426414302
7367577463750132741,7396903607784490000,0.010542614125270452
7367577463750132741,7407221110629073926,0.01590553027347251
7367577463750132741,7455253044214449159,0.015568416535635735
7367577463750132741,7499826250930226194,0.01738876912377699
7367577463750132741,7510166423118758918,0.017549129105064815
7367577463750132741,7547644791631135764,0.009554091329876205
7367577463750132741,7555104317654008839,0.016912976038828412
7378567914254959622,7387033416446837765,0.037910702670177945
7378567914254959622,7462811958108062726,0.014844883840507453
7378567914254959622,7594214580139967544,0.030355278296319024
7387033416446837765,7462811958108062726,0.01478610835499465
7387033416446837765,7585691270368019463,0.024599946753822183
7387033416446837765,7594214580139967544,0.08632953668435402
7389767673448285226,7396903607784490000,0.015222950807718658
7389767673448285226,7407221110629073926,0.00984498835882839
7389767673448285226,7499826250930226194,0.011308126450756817
7389767673448285226,7510166423118758918,0.012146307783063939
7389767673448285226,7547644791631135764,0.01429831250960741
7389767673448285226,7555104317654008839,0.010843959331580102
7396903607784490000,7407221110629073926,0.008694254190238665
7396903607784490000,7434627254548382776,0.1513536862633696
7396903607784490000,7442002957991724065,0.49692598318488723
7396903607784490000,7455253044214449159,0.5102012596180131
7396903607784490000,7457519820280644613,0.025119040357169175
7396903607784490000,7499826250930226194,0.010142372806445839
7396903607784490000,7510166423118758918,0.5153741099903792
7396903607784490000,7547644791631135764,0.015032573962737831
7396903607784490000,7555104317654008839,0.009683903026154279
7407221110629073926,7455253044214449159,0.017756768316767594
7407221110629073926,7499826250930226194,0.01634241447210269
7407221110629073926,7510166423118758918,0.0156306242400691
7407221110629073926,7555104317654008839,0.016866808251632514
7421992589585843243,7424553645365543942,0.01452927403414725
7421992589585843243,7444668199523992609,0.015137676049296153
7421992589585843243,7475281813004338198,0.01485406703871256
7421992589585843243,7546456230891750422,0.015184525290135007
7421992589585843243,7567226487067427860,0.01504969261780213
7421992589585843243,7610014708498023431,0.014749968634816946
7424553645365543942,7444668199523992609,0.01491474598408574
7424553645365543942,7462811958108062726,0.013523139468609993
7424553645365543942,7475281813004338198,0.014630452110175773
7424553645365543942,7546456230891750422,0.014962027192914664
7424553645365543942,7567226487067427860,0.014825927874961191
7424553645365543942,7585691270368019463,0.014777996092971894
7424553645365543942,7594214580139967544,0.014733229954747604
7424553645365543942,7610014708498023431,0.014763518176947977
7434627254548382776,7442002957991724065,0.15128477843234123
7434627254548382776,7455253044214449159,0.15278703635188357
7434627254548382776,7457519820280644613,0.04978875832622872
7442002957991724065,7455253044214449159,0.49643618939160783
7442002957991724065,7457519820280644613,0.025107604239349653
7442002957991724065,7510166423118758918,0.4971854386644604
7442002957991724065,7579316049855841287,0.5168784239367445
7444668199523992609,7475281813004338198,0.015391378864669684
7444668199523992609,7546456230891750422,0.01564511611450882
7444668199523992609,7567226487067427860,0.015598105509223838
7444668199523992609,7585691270368019463,0.014648969517654983
7444668199523992609,7610014708498023431,0.015141682282485379
7455253044214449159,7457519820280644613,0.025356922761015508
7455253044214449159,7499826250930226194,0.016009763501441333
7455253044214449159,7510166423118758918,0.5220743277600247
7455253044214449159,7555104317654008839,0.016539216621035496
7462811958108062726,7585691270368019463,0.014337820318917754
7462811958108062726,7594214580139967544,0.015581635111502607
7475281813004338198,7546456230891750422,0.015347886480363736
7475281813004338198,7567226487067427860,0.015476270734093437
7475281813004338198,7610014708498023431,0.01485576881803721
7499826250930226194,7510166423118758918,0.01712535960913902
7499826250930226194,7547644791631135764,0.009151228309610343
7499826250930226194,7555104317654008839,0.017347793388652964
7510166423118758918,7555104317654008839,0.016646142878922795
7510166423118758918,7579316049855841287,0.49643954460966466
7546456230891750422,7567226487067427860,0.015554236129555189
7546456230891750422,7585691270368019463,0.014697161224469126
7546456230891750422,7610014708498023431,0.0151889155454628
7547644791631135764,7555104317654008839,0.008688903705193715
7567226487067427860,7585691270368019463,0.0145584122594227
7567226487067427860,7610014708498023431,0.015052977861892502
7585691270368019463,7594214580139967544,0.032649571504707445
7585691270368019463,7610014708498023431,0.014501076270959076
7594214580139967544,7610014708498023431,0.01444518812574654
