mode,requested_comments,n_comments,n_nodes,n_edges,n_canopies,n_clusters,fetch_sec,parse_sec,feature_prep_sec,preprocess_tfidf_sec,tfidf_sec,reduce_sec,ann_index_sec,ann_query_sec,ann_prefilter_sec,canopy_bruteforce_sec,canopy_assign_sec,canopy_cluster_sec,canopy_sec,build_sec,cluster_sec,score_sec,total_sec,total_with_fetch_sec,modularity,conductance_mean,silhouette_score,avg_degree,density,num_components,num_suspicious_clusters,num_suspicious_users,suspicious_cluster_ratio,suspicious_user_ratio,avg_cluster_density,avg_content_repetition,avg_temporal_burst,avg_high_frequency,avg_account_age_ratio,account_age_coverage,intra_canopy_edge_ratio,mean_suspicious_score,max_suspicious_score
pipeline,100,100,98,911,22,49,88.72149089997401,0.0026174000231549144,0.0240761999739334,0.026693599997088313,0.023116399999707937,0.0009597999742254615,0.00396190001629293,0.001882700016722083,0.005844600033015013,0.00011299998732283711,0.00015170004917308688,0.000264700036495924,0.041177399980369955,0.06107960001099855,0.021338599966838956,0.03727110003819689,0.16348410001955926,88.88497499999357,0.06967183891539858,0.5065737925799729,,18.591836734693878,0.1916684199452977,1.0,1.0,2.0,0.02040816326530612,0.02040816326530612,0.021068937428484393,0.022437409718356543,0.00974363577301751,0.0,,0.0,0.3966237777710278,0.6537718399345759,0.6537718399345759
pipeline,100,100,98,911,22,49,88.72149089997401,0.0018700999789871275,0.024460299988277256,0.026330399967264384,0.02406249998603016,0.0003978000022470951,0.0036771000013686717,0.0013948999112471938,0.0050719999126158655,4.710000939667225e-05,9.519996820017695e-05,0.0001422999775968492,0.030741399968974292,0.10058800003025681,0.018993100035004318,0.043273799994494766,0.1954664000077173,88.91695729998173,0.06967183891539858,0.5065737925799729,,18.591836734693878,0.1916684199452977,1.0,1.0,2.0,0.02040816326530612,0.02040816326530612,0.021068937428484393,0.022437409718356543,0.00974363577301751,0.0,,0.0,0.3966237777710278,0.6537718399345759,0.6537718399345759
canopy_only,100,100,98,0,22,22,88.72149089997401,0.0019126000115647912,0.02538259996799752,0.027295199979562312,0.024817199970129877,0.0005653999978676438,0.004340200044680387,0.002455799956806004,0.006796000001486391,6.609997944906354e-05,0.00019390002125874162,0.00026000000070780516,0.03362669999478385,0.0,0.0,0.0,0.03553930000634864,88.75703019998036,,,,,,,,,,,,,,,,,,,
canopy_only,100,100,98,0,22,22,88.72149089997401,0.00212309998460114,0.0230656000203453,0.02518870000494644,0.02216920000500977,0.00089640001533553,0.0038179000257514417,0.0014181999140419066,0.005236099939793348,5.019997479394078e-05,9.77001036517322e-05,0.000147900078445673,0.029417600017040968,0.0,0.0,0.0,0.03154070000164211,88.75303159997566,,,,,,,,,,,,,,,,,,,
kruskal_only,100,100,98,921,22,49,88.72149089997401,0.002250599965918809,0.021800699993036687,0.024051299958955497,0.021082599996589124,0.0007180999964475632,0.004356599994935095,0.0023332000710070133,0.006689800065942109,6.499997107312083e-05,0.00014370022108778358,0.0002087001921609044,0.029942200053483248,0.0628162000211887,0.02412949997233227,0.04852589999791235,0.16766440001083538,88.88915529998485,0.06486420022478669,0.5440144305844358,,18.79591836734694,0.19377235430254577,1.0,1.0,2.0,0.02040816326530612,0.02040816326530612,0.02135226346904536,0.022437409718356543,0.00974363577301751,0.0,,0.0,,0.6537718399345759,0.6537718399345759
kruskal_only,100,100,98,921,22,49,88.72149089997401,0.0019275000086054206,0.022580399992875755,0.024507900001481175,0.022031000000424683,0.0005493999924510717,0.004296200000680983,0.0022175999474711716,0.006513799948152155,6.530003156512976e-05,0.00014220003504306078,0.00020750006660819054,0.030483299982734025,0.05911009997362271,0.02524370001628995,0.0629283000016585,0.1796928999829106,88.90118379995693,0.06486420022478669,0.5440144305844358,,18.79591836734694,0.19377235430254577,1.0,1.0,2.0,0.02040816326530612,0.02040816326530612,0.02135226346904536,0.022437409718356543,0.00974363577301751,0.0,,0.0,,0.6537718399345759,0.6537718399345759
pipeline,200,200,197,1879,57,99,24.75683349999599,0.0027364999987185,0.03078599995933473,0.03352249995805323,0.029981899948325008,0.000804100011009723,0.01928890001727268,0.00802269991254434,0.02731159992981702,0.0023386000539176166,0.00034960004268214107,0.0026882000965997577,0.0619594999589026,0.09814050002023578,0.03020380000816658,0.07262900000205263,0.2656692999880761,25.022502799984068,0.06795697075674802,0.7066322202739699,,19.076142131979694,0.09732725577540662,1.0,1.0,3.0,0.010101010101010102,0.015228426395939087,0.03026190598055394,0.01708704882165215,0.022658254063155258,0.0,,0.0,0.565665504317323,0.6620382423630186,0.6639879455865016
pipeline,200,200,197,1879,57,99,24.75683349999599,0.0027151000103913248,0.03570359997684136,0.038418699987232685,0.035213999974075705,0.0004896000027656555,0.01683089998550713,0.007518800150137395,0.024349700135644525,0.00022059999173507094,0.0002445999998599291,0.00046519999159500003,0.061630900017917156,0.14563430001726374,0.0433506999979727,0.10476180003024638,0.3580928000737913,25.114926300069783,0.06795697075674802,0.7066322202739699,,19.076142131979694,0.09732725577540662,1.0,1.0,3.0,0.010101010101010102,0.015228426395939087,0.03026190598055394,0.01708704882165215,0.022658254063155258,0.0,,0.0,0.565665504317323,0.6620382423630186,0.6639879455865016
canopy_only,200,200,197,0,57,57,24.75683349999599,0.004489500017371029,0.05051710002589971,0.05500660004327074,0.04977780004264787,0.0007392999832518399,0.017763399984687567,0.009642999910283834,0.0274063998949714,0.0002712999703362584,0.0003188000409863889,0.0005901000113226473,0.07962480001151562,0.0,0.0,0.0,0.08411430002888665,24.84094780002488,,,,,,,,,,,,,,,,,,,
canopy_only,200,200,197,0,57,57,24.75683349999599,0.002988699998240918,0.03371189994504675,0.03670059994328767,0.03313319996232167,0.0005786999827250838,0.01788870000746101,0.008329200092703104,0.026217900100164115,0.0002144999452866614,0.0003269998705945909,0.0005414998158812523,0.061743500002194196,0.0,0.0,0.0,0.06473220000043511,24.821565699996427,,,,,,,,,,,,,,,,,,,
kruskal_only,200,200,197,1910,57,99,24.75683349999599,0.002979799988679588,0.03826729999855161,0.041247099987231195,0.03764360002242029,0.00062369997613132,0.012051800033077598,0.009131299855653197,0.021183099888730794,0.00023089995374903083,0.0003366998862475157,0.0005675998399965465,0.061291900055948645,0.09497490001376718,0.031188400054816157,0.09042100002989173,0.2808560001431033,25.037689500139095,0.19493385041465144,0.6650761123225692,,19.390862944162436,0.09893297420491039,1.0,2.0,12.0,0.020202020202020204,0.06091370558375635,0.042764359963236194,0.02573142685595611,0.031551714559496874,0.0,,0.0,,0.6845621049753142,0.7056182980709145
kruskal_only,200,200,197,1910,57,99,24.75683349999599,0.0032030000002123415,0.03636789997108281,0.03957089997129515,0.0357050999882631,0.0006627999828197062,0.015525900002103299,0.01187560020480305,0.02740150020690635,0.0006546999793499708,0.00042919995030388236,0.0010838999296538532,0.06621590000577271,0.10870579996844754,0.044226599973626435,0.07946100004483014,0.30181229999288917,25.05864579998888,0.19493385041465144,0.6650761123225692,,19.390862944162436,0.09893297420491039,1.0,2.0,12.0,0.020202020202020204,0.06091370558375635,0.042764359963236194,0.02573142685595611,0.031551714559496874,0.0,,0.0,,0.6845621049753142,0.7056182980709145
pipeline,500,500,480,5414,115,240,31.778691700019408,0.0117030999972485,0.06286840001121163,0.07457150000846013,0.06165950000286102,0.0012089000083506107,0.034696899994742125,0.05374430021038279,0.08844120020512491,0.001189500035252422,0.0011548998299986124,0.0023443998652510345,0.15585800004191697,0.23566350003238767,0.09475310001289472,0.2761964999954216,0.7741742000798695,32.55286590009928,0.48937704306787894,0.6145030661741312,,22.558333333333334,0.0470946416144746,1.0,4.0,32.0,0.016666666666666666,0.06666666666666667,0.05021117479118686,0.03658475628007713,0.03501608216048392,0.0001913265306122449,,0.0,0.8164487536964601,0.6185968260997835,0.663209527800959
pipeline,500,500,480,5414,115,240,31.778691700019408,0.00875029998132959,0.057267700030934066,0.06601800001226366,0.05633160000434145,0.0009361000265926123,0.04124059999594465,0.047425900178495795,0.08866650017444044,0.001216700009535998,0.0010108999558724463,0.0022275999654084444,0.14964970003347844,0.2615069000166841,0.09638199995970353,0.36869020003359765,0.8849791000247933,32.6636708000442,0.48937704306787894,0.6145030661741312,,22.558333333333334,0.0470946416144746,1.0,4.0,32.0,0.016666666666666666,0.06666666666666667,0.05021117479118686,0.03658475628007713,0.03501608216048392,0.0001913265306122449,,0.0,0.8164487536964601,0.6185968260997835,0.663209527800959
canopy_only,500,500,480,0,115,115,31.778691700019408,0.008724900020752102,0.07427989999996498,0.08300480002071708,0.07291530002839863,0.0013645999715663493,0.030213700025342405,0.051991099782753736,0.08220479980809614,0.0018216000171378255,0.003872400033287704,0.0056940000504255295,0.16389850003179163,0.0,0.0,0.0,0.17262340005254373,31.95131510007195,,,,,,,,,,,,,,,,,,,
canopy_only,500,500,480,0,115,115,31.778691700019408,0.008592199999839067,0.0636977999820374,0.07228999998187646,0.06267799995839596,0.0010198000236414373,0.04388420004397631,0.05544999975245446,0.09933419979643077,0.0013553999597206712,0.0013408002560026944,0.0026962002157233655,0.16751699999440461,0.0,0.0,0.0,0.17610919999424368,31.95480090001365,,,,,,,,,,,,,,,,,,,
kruskal_only,500,500,480,5486,115,240,31.778691700019408,0.009907900006510317,0.07629480003379285,0.08620270004030317,0.07492820004699752,0.001366599986795336,0.04141220002202317,0.047744199458975345,0.08915639948099852,0.0017383000813424587,0.001102400477975607,0.0028407005593180656,0.17005049996078014,0.30302249995293096,0.13678350002737716,0.33239539997885004,0.9521597999264486,32.73085149994586,0.48984080351926584,0.7102482856747229,,22.858333333333334,0.047720946416144744,1.0,3.0,6.0,0.0125,0.0125,0.052837324084990485,0.03256758626301112,0.040003404270329765,0.0001913265306122449,,0.0,,0.5639967158955077,0.5769593583897183
kruskal_only,500,500,480,5486,115,240,31.778691700019408,0.007648899976629764,0.05674660002114251,0.06439549999777228,0.05590069998288527,0.0008459000382572412,0.04137950000585988,0.03994670003885403,0.08132620004471391,0.001055200002156198,0.0006972999544814229,0.001752499956637621,0.1412024000310339,0.2436825999757275,0.08964219997869805,0.28510879998793826,0.7672848999500275,32.545976599969435,0.48984080351926584,0.7102482856747229,,22.858333333333334,0.047720946416144744,1.0,3.0,6.0,0.0125,0.0125,0.052837324084990485,0.03256758626301112,0.040003404270329765,0.0001913265306122449,,0.0,,0.5639967158955077,0.5769593583897183
pipeline,1000,1000,954,11351,253,477,36.64015120000113,0.01996589999180287,1.6498338999808766,1.6697997999726795,0.08893299999181181,1.5609008999890648,0.12197229999583215,0.004324100038502365,0.1262964000343345,0.06740699929650873,0.002003499655984342,0.06941049895249307,1.847910700016655,0.728423600026872,0.2039426999981515,0.8314189999946393,3.6316619000281207,40.27181310002925,0.3375169515520189,0.661845331186123,,23.79664570230608,0.024970247326659055,1.0,4.0,10.0,0.008385744234800839,0.010482180293501049,0.02524491314481007,0.01832912423092774,0.02065750225396278,0.00015252993825334363,,0.0,0.8509228048260714,0.6599375034681715,0.7540971387471226
pipeline,1000,1000,954,11351,253,477,36.64015120000113,0.022914099972695112,1.342010999971535,1.3649250999442302,0.11558280000463128,1.2264281999669038,0.04714290000265464,0.06213760003447533,0.10928050003712997,0.0034949000109918416,0.0008940999978221953,0.004389000008814037,1.4565032999962568,0.15182129997992888,0.06716919998871163,0.13092379999579862,1.829331699933391,38.46948289993452,0.3375169515520189,0.661845331186123,,23.79664570230608,0.024970247326659055,1.0,4.0,10.0,0.008385744234800839,0.010482180293501049,0.02524491314481007,0.01832912423092774,0.02065750225396278,0.00015252993825334363,,0.0,0.8509228048260714,0.6599375034681715,0.7540971387471226
canopy_only,1000,1000,954,0,253,253,36.64015120000113,0.005717799998819828,2.0042507000034675,2.0099685000022873,0.14562149997800589,1.8586292000254616,0.12733640003716573,0.25188969942973927,0.379226099466905,0.010338599910028279,0.003206899855285883,0.013545499765314162,2.399788799986709,0.0,0.0,0.0,2.4055065999855287,39.04565779998666,,,,,,,,,,,,,,,,,,,
canopy_only,1000,1000,954,0,253,253,36.64015120000113,0.032192900020163506,1.6032165000215173,1.6354094000416808,0.10185080004157498,1.5013656999799423,0.1888461000053212,0.0013598999939858913,0.1902059999993071,0.06243499938864261,0.0017632993403822184,0.06419829872902483,1.859612800006289,0.0,0.0,0.0,1.8918057000264525,38.53195690002758,,,,,,,,,,,,,,,,,,,
kruskal_only,1000,1000,954,11453,253,477,36.64015120000113,0.015631900052540004,1.679290600004606,1.694922500057146,0.0948973000049591,1.5843932999996468,0.10420459997840226,0.22159950010245666,0.3258041000808589,0.008102400111965835,0.0026538997190073133,0.010756299830973148,2.018482799991034,0.494077900017146,0.4321839999756776,0.922469999990426,3.8828466000268236,40.52299780002795,0.34637590262015844,0.7745942130719441,,24.0104821802935,0.025194629779951207,1.0,4.0,9.0,0.008385744234800839,0.009433962264150943,0.041211078227058065,0.022888933825231186,0.033839456449379385,0.003269409026025908,,0.0,,0.6214316935650543,0.7540971387471226
kruskal_only,1000,1000,954,11453,253,477,36.64015120000113,0.03134600003249943,3.803381800011266,3.8347278000437655,0.1480172000010498,3.6553646000102162,0.12960990000283346,0.0015688000130467117,0.13117870001588017,0.08912010036874563,0.003643199917860329,0.09276330028660595,4.030365299957339,0.921173800015822,0.4897826000233181,1.2560935000074096,6.728761200036388,43.368912400037516,0.34637590262015844,0.7745942130719441,,24.0104821802935,0.025194629779951207,1.0,4.0,9.0,0.008385744234800839,0.009433962264150943,0.041211078227058065,0.022888933825231186,0.033839456449379385,0.003269409026025908,,0.0,,0.6214316935650543,0.7540971387471226
